latitude,longitude,brightness,scan,track,acq_date,acq_time,satellite,instrument,confidence,version,bright_t31,frp,daynight,type
-7.9002,-51.219,309.0,3.5,1.2,10-01-2025,105,Aqua,MODIS,72,6.2,300.7,42.27,N,0
-8.166,-51.5988,326.1,1.2,1.3,10-01-2025,105,Aqua,MODIS,47,6.2,308.7,105.87,N,0
-8.1328,-51.5475,408.1,2.8,1.0,10-01-2025,105,Aqua,MODIS,98,6.2,273.3,16.0,N,0
-7.9279,-51.2599,418.1,3.8,1.7,10-01-2025,105,Aqua,MODIS,74,6.2,297.3,14.38,N,0
-7.8032,-51.6426,351.5,3.6,1.5,10-01-2025,105,Aqua,MODIS,100,6.2,298.2,10.15,N,0
-7.0169,-63.0487,312.4,3.9,0.9,26-03-2025,1308,Aqua,MODIS,54,6.2,283.7,24.99,D,0
-6.8881,-63.3829,424.6,1.9,1.3,26-03-2025,1308,Aqua,MODIS,45,6.2,271.9,39.81,D,0
36.6628,19.9997,327.3,1.3,2.0,20-08-2024,924,Terra,MODIS,96,6.2,272.9,10.57,D,0
36.4108,20.0631,460.7,1.9,1.5,20-08-2024,924,Terra,MODIS,45,6.2,273.3,9.59,D,0
36.6647,19.7328,388.8,1.0,1.4,20-08-2024,924,Terra,MODIS,33,6.2,279.7,2.8,D,0
36.5634,19.5779,342.7,3.0,1.8,20-08-2024,924,Terra,MODIS,74,6.2,301.5,7.51,D,0
36.8837,19.5223,379.8,1.7,2.0,20-08-2024,924,Terra,MODIS,25,6.2,290.9,6.47,D,0
36.8577,19.5985,436.7,2.8,1.4,20-08-2024,924,Terra,MODIS,31,6.2,275.6,7.47,D,0
36.4382,19.9112,378.1,1.3,1.4,20-08-2024,924,Terra,MODIS,87,6.2,283.6,15.01,D,0
36.6396,19.8975,298.0,2.2,1.8,20-08-2024,924,Terra,MODIS,31,6.2,304.7,5.0,D,0
-34.6725,134.7686,475.4,1.4,0.9,12-07-2025,1801,Aqua,MODIS,27,6.2,285.7,30.69,N,0
-34.1357,134.3039,360.7,1.8,1.8,12-07-2025,1801,Aqua,MODIS,41,6.2,296.8,51.04,N,0
14.0628,-1.2006,298.9,3.1,2.0,25-04-2025,1942,Terra,MODIS,41,6.2,288.9,2.52,N,0
14.1584,-1.5889,468.5,2.2,1.3,25-04-2025,1942,Terra,MODIS,76,6.2,308.2,86.0,N,0
13.6891,-1.1511,347.4,3.1,1.4,25-04-2025,1942,Terra,MODIS,65,6.2,280.0,29.64,N,0
14.0044,-1.5954,346.4,2.0,1.5,25-04-2025,1942,Terra,MODIS,53,6.2,274.6,5.41,N,0
14.1496,-1.5716,375.8,1.6,0.9,25-04-2025,1942,Terra,MODIS,53,6.2,280.6,88.15,N,0
-23.1413,32.8283,468.8,2.2,0.9,13-04-2025,2338,Terra,MODIS,83,6.2,282.6,16.79,N,0
-23.321,32.4089,370.7,3.3,1.3,13-04-2025,2338,Terra,MODIS,62,6.2,274.6,90.35,N,0
-23.3592,32.8063,484.5,2.6,1.8,13-04-2025,2338,Terra,MODIS,84,6.2,273.9,52.94,N,0
-23.3116,32.8605,313.8,1.8,1.8,13-04-2025,2338,Terra,MODIS,65,6.2,302.5,7.55,N,0
61.6447,139.1896,482.4,3.6,1.8,11-01-2025,1010,Aqua,MODIS,51,6.2,285.4,2.57,D,0
61.366,139.1592,350.8,3.7,1.5,11-01-2025,1010,Aqua,MODIS,24,6.2,305.8,1.3,D,0
61.432,139.5523,491.3,1.2,1.2,11-01-2025,1010,Aqua,MODIS,52,6.2,270.3,1.8,D,0
61.3608,139.017,474.8,2.3,1.2,11-01-2025,1010,Aqua,MODIS,60,6.2,289.4,2.25,D,0
61.2112,139.2053,300.9,2.5,1.0,11-01-2025,1010,Aqua,MODIS,68,6.2,274.8,21.28,D,0
61.7104,139.5648,400.2,2.8,1.3,11-01-2025,1010,Aqua,MODIS,77,6.2,283.6,0.68,D,0
61.7746,139.4533,437.8,2.9,1.4,11-01-2025,1010,Aqua,MODIS,73,6.2,283.6,25.64,D,0
-28.2988,27.9669,393.9,1.7,1.8,26-04-2025,114,Aqua,MODIS,75,6.2,286.3,41.67,N,0
-27.9558,28.0185,421.5,1.0,1.7,26-04-2025,114,Aqua,MODIS,49,6.2,288.7,72.4,N,0
-28.2118,27.9755,377.6,3.1,0.9,26-04-2025,114,Aqua,MODIS,45,6.2,286.7,19.67,N,0
-28.2641,28.2815,299.1,1.8,1.6,26-04-2025,114,Aqua,MODIS,76,6.2,290.9,7.02,N,0
-27.9382,27.8601,305.1,3.9,1.6,26-04-2025,114,Aqua,MODIS,92,6.2,301.6,19.8,N,0
-27.9614,28.0323,479.3,3.1,1.1,26-04-2025,114,Aqua,MODIS,61,6.2,301.9,4.5,N,0
-27.8762,28.1329,458.3,1.6,1.7,26-04-2025,114,Aqua,MODIS,50,6.2,274.8,53.7,N,0
63.1227,71.6347,377.2,3.1,1.5,03-08-2024,206,Terra,MODIS,97,6.2,284.9,4.49,N,0
63.1796,71.8039,330.2,1.5,1.4,03-08-2024,206,Terra,MODIS,57,6.2,270.1,50.21,N,0
63.2435,71.6724,422.7,1.2,1.2,03-08-2024,206,Terra,MODIS,83,6.2,305.8,17.66,N,0
63.2157,72.1208,473.3,1.9,1.1,03-08-2024,206,Terra,MODIS,80,6.2,279.5,0.5,N,0
63.1621,71.6247,407.4,2.1,1.5,03-08-2024,206,Terra,MODIS,39,6.2,299.5,23.56,N,0
62.9956,72.0618,326.5,3.8,1.3,03-08-2024,206,Terra,MODIS,54,6.2,298.4,7.44,N,0
36.2076,11.5448,341.5,2.7,1.9,12-03-2025,1838,Aqua,MODIS,76,6.2,298.3,3.77,N,0
36.0744,11.7463,409.5,1.9,1.3,12-03-2025,1838,Aqua,MODIS,71,6.2,299.6,17.42,N,0
35.9588,11.6109,484.6,3.1,0.9,12-03-2025,1838,Aqua,MODIS,90,6.2,294.3,1.81,N,0
36.2965,11.8219,367.0,1.5,0.9,12-03-2025,1838,Aqua,MODIS,51,6.2,301.2,1.43,N,0
2.0348,30.4514,393.9,2.7,1.8,10-06-2024,320,Aqua,MODIS,72,6.2,285.6,5.38,N,0
2.3387,30.3973,437.3,1.6,1.1,10-06-2024,320,Aqua,MODIS,29,6.2,291.4,78.21,N,0
2.3771,30.1917,366.8,2.6,1.6,10-06-2024,320,Aqua,MODIS,85,6.2,298.6,3.21,N,0
-37.7346,125.7618,362.4,1.6,0.8,29-04-2025,130,Terra,MODIS,94,6.2,270.8,3.42,N,0
-37.7401,125.4443,334.6,1.8,1.1,29-04-2025,130,Terra,MODIS,36,6.2,272.7,8.13,N,0
-37.6609,125.6904,499.7,2.0,1.8,29-04-2025,130,Terra,MODIS,92,6.2,289.9,748.26,N,0
-37.6552,125.8409,424.2,1.1,1.4,29-04-2025,130,Terra,MODIS,66,6.2,283.7,35.05,N,0
41.7133,-121.5743,463.3,1.5,1.8,13-04-2024,839,Terra,MODIS,40,6.2,294.1,84.67,D,0
41.9783,-121.8222,338.2,1.4,1.4,13-04-2024,839,Terra,MODIS,31,6.2,292.7,13.82,D,0
41.7135,-121.628,317.3,2.4,1.9,13-04-2024,839,Terra,MODIS,68,6.2,285.2,4.64,D,0
42.2484,-121.7993,317.4,1.0,1.7,13-04-2024,839,Terra,MODIS,67,6.2,280.3,32.85,D,0
41.9901,-121.9505,493.9,2.4,1.5,13-04-2024,839,Terra,MODIS,45,6.2,282.9,19.83,D,0
41.9438,-121.8229,354.2,3.5,1.6,13-04-2024,839,Terra,MODIS,99,6.2,276.7,2.95,D,0
42.2352,-121.4751,478.7,1.9,1.6,13-04-2024,839,Terra,MODIS,62,6.2,297.2,51.21,D,0
41.9054,-121.6798,375.8,2.6,1.3,13-04-2024,839,Terra,MODIS,34,6.2,277.2,2.77,D,0
37.7444,-5.3697,361.9,3.3,1.3,15-07-2024,1908,Terra,MODIS,79,6.2,278.6,103.0,N,0
37.5723,-5.4155,459.6,0.9,1.5,15-07-2024,1908,Terra,MODIS,51,6.2,294.3,18.66,N,0
37.8418,-5.3283,489.9,3.6,1.3,15-07-2024,1908,Terra,MODIS,48,6.2,274.9,16.25,N,0
37.5487,-5.5308,438.5,1.4,1.0,15-07-2024,1908,Terra,MODIS,85,6.2,277.4,43.37,N,0
37.7176,-5.7137,401.0,1.2,1.1,15-07-2024,1908,Terra,MODIS,29,6.2,281.5,172.14,N,0
37.931,-5.8015,416.6,3.7,2.0,15-07-2024,1908,Terra,MODIS,85,6.2,284.9,110.2,N,0
37.7823,-5.5435,380.5,3.3,1.0,15-07-2024,1908,Terra,MODIS,80,6.2,287.6,75.53,N,0
37.6301,-5.5406,434.8,2.3,0.8,15-07-2024,1908,Terra,MODIS,70,6.2,272.6,1.2,N,0
35.6893,-114.331,470.2,2.2,1.6,10-05-2024,145,Aqua,MODIS,74,6.2,270.0,6.39,N,0
35.5308,-113.8968,403.6,2.6,1.2,10-05-2024,145,Aqua,MODIS,49,6.2,278.2,22.17,N,0
35.9483,-113.9054,302.8,2.7,1.7,10-05-2024,145,Aqua,MODIS,84,6.2,273.0,15.23,N,0
35.4471,-114.162,407.0,3.0,1.8,10-05-2024,145,Aqua,MODIS,31,6.2,274.0,6.21,N,0
35.6686,-113.9168,422.1,1.8,1.9,10-05-2024,145,Aqua,MODIS,27,6.2,282.2,22.31,N,0
1.1757,113.6362,449.4,1.0,1.4,16-08-2024,2247,Terra,MODIS,91,6.2,276.0,15.28,N,0
1.5005,113.1975,352.9,1.9,1.9,16-08-2024,2247,Terra,MODIS,66,6.2,282.9,5.0,N,0
42.9191,-115.6957,403.6,3.1,1.0,05-07-2025,1609,Terra,MODIS,26,6.2,285.0,8.08,D,0
43.1747,-115.8192,320.3,3.6,1.2,05-07-2025,1609,Terra,MODIS,55,6.2,297.8,123.65,D,0
43.2362,-115.8365,361.3,3.8,1.2,05-07-2025,1609,Terra,MODIS,86,6.2,303.9,3.95,D,0
42.9255,-115.9867,424.7,3.6,1.9,05-07-2025,1609,Terra,MODIS,89,6.2,271.4,8.33,D,0
42.78,-116.0272,377.5,3.5,0.9,05-07-2025,1609,Terra,MODIS,22,6.2,290.2,5.22,D,0
43.3593,-116.147,385.8,0.9,0.9,05-07-2025,1609,Terra,MODIS,81,6.2,279.7,18.45,D,0
43.3182,-116.1408,397.3,3.0,1.4,05-07-2025,1609,Terra,MODIS,74,6.2,289.6,4.59,D,0
43.269,-116.222,372.6,3.5,1.1,05-07-2025,1609,Terra,MODIS,90,6.2,278.4,24.53,D,0
10.5697,26.9836,496.2,2.5,1.4,04-03-2024,1448,Aqua,MODIS,100,6.2,297.9,2.66,D,0
10.5363,27.0087,482.3,3.5,1.9,04-03-2024,1448,Aqua,MODIS,99,6.2,290.1,5.86,D,0
10.8294,27.2358,352.1,2.1,1.4,04-03-2024,1448,Aqua,MODIS,41,6.2,303.9,8.28,D,0
10.9465,27.4139,365.1,1.0,1.8,04-03-2024,1448,Aqua,MODIS,45,6.2,303.2,11.26,D,0
10.5441,27.2291,320.4,1.4,1.8,04-03-2024,1448,Aqua,MODIS,81,6.2,298.6,63.6,D,0
10.9114,27.5231,496.5,1.0,2.0,04-03-2024,1448,Aqua,MODIS,46,6.2,283.8,89.24,D,0
10.6158,27.4515,327.0,3.2,1.0,04-03-2024,1448,Aqua,MODIS,50,6.2,271.1,6.28,D,0
10.5131,27.2475,330.2,2.1,1.1,04-03-2024,1448,Aqua,MODIS,39,6.2,270.2,61.98,D,0
41.5793,-0.2701,316.3,2.9,1.9,08-11-2025,1322,Terra,MODIS,89,6.2,285.5,4.39,D,0
41.6785,0.0621,460.8,3.9,1.9,08-11-2025,1322,Terra,MODIS,63,6.2,296.4,144.66,D,0
41.555,-0.2776,422.7,1.7,1.0,08-11-2025,1322,Terra,MODIS,79,6.2,294.1,33.29,D,0
41.9235,-0.1734,465.0,2.3,1.6,08-11-2025,1322,Terra,MODIS,33,6.2,280.2,1.89,D,0
41.7426,-0.3435,407.6,1.3,1.7,08-11-2025,1322,Terra,MODIS,79,6.2,286.9,17.11,D,0
-26.2295,11.7731,411.2,1.1,1.2,20-10-2024,2158,Aqua,MODIS,55,6.2,305.8,7.68,N,0
-26.2345,11.9284,457.2,2.9,1.0,20-10-2024,2158,Aqua,MODIS,24,6.2,281.1,11.21,N,0
-26.4502,12.0132,473.3,2.7,1.5,20-10-2024,2158,Aqua,MODIS,29,6.2,303.2,50.06,N,0
44.8678,-116.2399,398.7,3.3,1.3,10-05-2025,415,Aqua,MODIS,66,6.2,300.5,0.79,N,0
44.9146,-116.0766,321.9,1.0,0.9,10-05-2025,415,Aqua,MODIS,88,6.2,280.2,24.7,N,0
44.6425,-116.0595,306.2,3.5,1.9,10-05-2025,415,Aqua,MODIS,45,6.2,305.1,2.18,N,0
-2.2881,96.2436,362.3,1.7,1.5,26-01-2024,47,Aqua,MODIS,47,6.2,309.2,23.9,N,0
-2.2761,96.1274,442.9,1.3,1.7,26-01-2024,47,Aqua,MODIS,66,6.2,290.9,9.98,N,0
-2.5109,96.0447,356.0,3.9,1.5,26-01-2024,47,Aqua,MODIS,61,6.2,293.7,7.31,N,0
-6.9064,-55.1088,421.5,2.4,1.7,18-11-2024,1504,Aqua,MODIS,36,6.2,298.0,95.55,D,0
-6.5685,-54.9544,460.2,3.3,1.6,18-11-2024,1504,Aqua,MODIS,74,6.2,276.4,12.74,D,0
-2.2619,96.3672,487.3,3.6,1.2,14-03-2024,20,Aqua,MODIS,59,6.2,300.3,2.45,N,0
-2.2127,96.5831,406.7,1.5,1.2,14-03-2024,20,Aqua,MODIS,88,6.2,277.8,41.24,N,0
-1.8902,96.4897,447.3,1.6,1.4,14-03-2024,20,Aqua,MODIS,94,6.2,289.7,89.21,N,0
-2.2226,96.3206,500.0,3.0,1.5,14-03-2024,20,Aqua,MODIS,88,6.2,282.7,81.19,N,0
60.1331,123.5357,384.5,2.9,1.9,10-03-2024,1249,Aqua,MODIS,69,6.2,292.3,77.24,D,0
59.7952,123.6367,376.7,2.3,1.2,10-03-2024,1249,Aqua,MODIS,69,6.2,298.2,2.07,D,0
59.6778,123.1976,443.2,4.0,1.2,10-03-2024,1249,Aqua,MODIS,83,6.2,285.8,71.7,D,0
59.7963,123.7235,382.4,1.2,1.3,10-03-2024,1249,Aqua,MODIS,40,6.2,282.4,0.72,D,0
60.1944,123.3993,398.1,2.5,1.1,10-03-2024,1249,Aqua,MODIS,64,6.2,287.4,6.96,D,0
59.7294,123.2195,341.9,2.5,1.0,10-03-2024,1249,Aqua,MODIS,81,6.2,297.5,2.88,D,0
59.6739,123.6946,345.2,2.7,0.9,10-03-2024,1249,Aqua,MODIS,48,6.2,274.7,0.76,D,0
40.0251,-114.889,304.4,1.3,1.1,18-01-2025,151,Terra,MODIS,94,6.2,287.1,7.78,N,0
39.7032,-114.7576,329.5,2.9,1.2,18-01-2025,151,Terra,MODIS,44,6.2,299.7,67.91,N,0
39.7096,-114.8108,350.8,3.5,1.6,18-01-2025,151,Terra,MODIS,91,6.2,274.0,1.83,N,0
40.0222,-114.7132,409.2,2.8,0.8,18-01-2025,151,Terra,MODIS,57,6.2,278.7,4.12,N,0
58.4656,97.8274,323.7,1.1,1.7,02-02-2024,1154,Terra,MODIS,46,6.2,280.1,30.68,D,0
58.7804,97.9271,489.0,1.9,0.9,02-02-2024,1154,Terra,MODIS,27,6.2,275.6,0.67,D,0
58.8481,97.9887,409.3,3.0,0.9,02-02-2024,1154,Terra,MODIS,89,6.2,277.3,12.15,D,0
58.8041,97.9704,369.9,3.1,2.0,02-02-2024,1154,Terra,MODIS,63,6.2,279.1,8.46,D,0
58.7524,97.9142,295.7,2.3,1.0,02-02-2024,1154,Terra,MODIS,38,6.2,300.9,209.98,D,0
-15.0832,125.2882,357.4,2.4,1.3,20-08-2024,1744,Terra,MODIS,49,6.2,307.2,40.13,D,0
-14.9331,124.9333,497.6,3.1,1.3,20-08-2024,1744,Terra,MODIS,42,6.2,278.5,24.47,D,0
-15.386,125.0147,309.9,3.9,1.2,20-08-2024,1744,Terra,MODIS,80,6.2,293.3,26.28,D,0
-15.134,124.8386,335.9,1.3,1.6,20-08-2024,1744,Terra,MODIS,21,6.2,309.0,31.07,D,0
-14.8671,125.2759,484.8,1.1,1.9,20-08-2024,1744,Terra,MODIS,73,6.2,273.6,2.33,D,0
-15.1472,124.9778,350.1,3.2,1.1,20-08-2024,1744,Terra,MODIS,89,6.2,306.3,4.82,D,0
-15.0715,125.1558,457.2,1.7,0.8,20-08-2024,1744,Terra,MODIS,73,6.2,281.2,2.52,D,0
56.3962,75.4028,298.1,2.1,2.0,02-03-2025,849,Aqua,MODIS,28,6.2,280.2,7.15,D,0
56.2172,75.1649,490.1,3.9,1.1,02-03-2025,849,Aqua,MODIS,28,6.2,280.5,8.26,D,0
56.4694,75.234,448.2,2.9,1.0,02-03-2025,849,Aqua,MODIS,77,6.2,295.0,4.34,D,0
56.6429,75.1896,444.0,3.5,1.8,02-03-2025,849,Aqua,MODIS,85,6.2,276.1,4.73,D,0
-10.5,-66.6932,430.0,1.6,1.2,21-10-2025,226,Terra,MODIS,43,6.2,270.7,4.38,N,0
-10.314,-66.5034,463.3,1.3,1.1,21-10-2025,226,Terra,MODIS,43,6.2,283.0,23.62,N,0
-2.1371,102.6788,419.8,1.2,1.4,30-11-2025,2032,Aqua,MODIS,76,6.2,278.6,19.84,N,0
-2.1237,103.0954,472.4,1.9,1.8,30-11-2025,2032,Aqua,MODIS,67,6.2,288.4,6.41,N,0
6.8833,36.5345,399.3,1.7,1.0,13-09-2025,753,Terra,MODIS,24,6.2,301.9,14.87,D,0
7.044,36.6324,318.7,3.4,1.6,13-09-2025,753,Terra,MODIS,45,6.2,281.5,119.94,D,0
6.846,36.5392,455.1,2.1,1.1,13-09-2025,753,Terra,MODIS,26,6.2,308.3,16.21,D,0
68.4766,107.926,465.2,2.7,1.2,02-02-2025,415,Aqua,MODIS,89,6.2,289.2,5.23,N,0
68.1696,107.9686,329.8,3.1,1.7,02-02-2025,415,Aqua,MODIS,42,6.2,294.2,49.03,N,0
68.1948,107.8506,433.6,2.9,1.1,02-02-2025,415,Aqua,MODIS,33,6.2,283.6,3.03,N,0
68.3518,107.713,494.5,1.0,1.0,02-02-2025,415,Aqua,MODIS,26,6.2,291.4,26.66,N,0
68.3232,108.1143,445.2,3.9,1.8,02-02-2025,415,Aqua,MODIS,61,6.2,272.9,2.24,N,0
46.4212,-118.5331,380.6,2.5,1.5,14-08-2024,115,Terra,MODIS,94,6.2,276.1,0.84,N,0
46.2752,-118.8783,435.0,2.7,1.8,14-08-2024,115,Terra,MODIS,51,6.2,306.0,57.41,N,0
46.2868,-119.1014,477.9,3.0,1.5,14-08-2024,115,Terra,MODIS,92,6.2,271.9,46.19,N,0
46.3569,-118.7936,397.5,2.2,1.9,14-08-2024,115,Terra,MODIS,84,6.2,297.2,6.7,N,0
-37.1818,151.8006,392.0,2.8,1.2,31-08-2024,1112,Aqua,MODIS,48,6.2,283.1,54.16,D,0
-37.2934,151.9984,429.9,2.6,1.5,31-08-2024,1112,Aqua,MODIS,69,6.2,286.7,17.32,D,0
-37.4529,151.9056,417.8,2.2,1.0,31-08-2024,1112,Aqua,MODIS,51,6.2,307.9,4.63,D,0
-37.1181,152.2381,403.0,2.2,1.0,31-08-2024,1112,Aqua,MODIS,76,6.2,296.5,2.1,D,0
-37.3003,152.2021,449.0,3.2,1.9,31-08-2024,1112,Aqua,MODIS,41,6.2,279.3,37.22,D,0
-37.2741,152.2864,372.5,3.1,0.9,31-08-2024,1112,Aqua,MODIS,67,6.2,304.1,14.83,D,0
-37.2586,152.0028,456.1,2.7,1.2,31-08-2024,1112,Aqua,MODIS,56,6.2,278.9,4.83,D,0
-36.9688,152.211,493.7,3.3,1.6,31-08-2024,1112,Aqua,MODIS,55,6.2,289.5,19.7,D,0
34.2512,-121.8002,447.4,1.5,1.1,04-12-2024,742,Terra,MODIS,73,6.2,291.6,3.58,D,0
34.2415,-121.3818,385.6,1.7,2.0,04-12-2024,742,Terra,MODIS,71,6.2,304.9,15.19,D,0
34.751,-121.4825,320.3,3.3,1.7,04-12-2024,742,Terra,MODIS,58,6.2,303.0,14.59,D,0
-1.4724,107.4071,471.4,3.3,1.8,25-08-2025,818,Aqua,MODIS,33,6.2,297.5,96.61,D,0
-1.5279,107.296,450.3,2.7,1.0,25-08-2025,818,Aqua,MODIS,43,6.2,305.2,7.05,D,0
-1.1801,107.5366,404.4,1.7,1.2,25-08-2025,818,Aqua,MODIS,72,6.2,306.1,44.67,D,0
-1.5789,107.1815,337.5,0.9,1.6,25-08-2025,818,Aqua,MODIS,41,6.2,276.2,41.97,D,0
-1.3736,107.7215,480.4,2.9,1.3,25-08-2025,818,Aqua,MODIS,95,6.2,272.5,9.8,D,0
13.2168,132.5009,483.9,2.8,2.0,05-04-2024,2023,Terra,MODIS,21,6.2,278.5,161.42,N,0
13.647,132.3486,297.5,0.9,1.6,05-04-2024,2023,Terra,MODIS,94,6.2,293.6,17.61,N,0
13.7029,132.1819,428.5,1.8,1.4,05-04-2024,2023,Terra,MODIS,40,6.2,297.5,73.67,N,0
13.4687,132.4669,297.2,2.0,1.8,05-04-2024,2023,Terra,MODIS,83,6.2,306.3,1.3,N,0
13.2075,132.4645,303.7,1.9,1.8,05-04-2024,2023,Terra,MODIS,53,6.2,276.8,2.57,N,0
13.6208,132.2327,392.6,1.3,1.3,05-04-2024,2023,Terra,MODIS,61,6.2,272.5,14.83,N,0
13.3375,132.5462,418.0,1.4,1.5,05-04-2024,2023,Terra,MODIS,31,6.2,284.3,7.35,N,0
13.2212,132.0174,345.6,2.0,1.5,05-04-2024,2023,Terra,MODIS,41,6.2,308.6,19.85,N,0
41.429,-119.586,412.5,2.6,1.5,18-11-2025,1611,Aqua,MODIS,64,6.2,272.8,276.09,D,0
41.4215,-119.6144,484.6,1.7,1.3,18-11-2025,1611,Aqua,MODIS,36,6.2,274.1,12.92,D,0
41.1219,-119.4217,358.1,2.7,1.3,18-11-2025,1611,Aqua,MODIS,62,6.2,303.9,2.17,D,0
41.423,-119.6938,307.0,3.2,1.8,18-11-2025,1611,Aqua,MODIS,76,6.2,294.9,3.29,D,0
41.2569,-119.4748,479.4,2.9,1.4,18-11-2025,1611,Aqua,MODIS,82,6.2,305.7,28.59,D,0
41.5967,-119.6627,379.4,3.1,1.5,18-11-2025,1611,Aqua,MODIS,81,6.2,279.9,16.6,D,0
41.6593,-119.3571,352.7,2.2,1.6,18-11-2025,1611,Aqua,MODIS,75,6.2,287.5,22.63,D,0
-5.489,-65.2723,481.8,1.4,1.1,07-09-2024,1902,Aqua,MODIS,55,6.2,305.7,223.53,N,0
-5.3555,-65.5331,424.9,1.0,1.9,07-09-2024,1902,Aqua,MODIS,27,6.2,279.3,117.85,N,0
-5.9157,-65.417,340.9,1.4,1.0,07-09-2024,1902,Aqua,MODIS,36,6.2,287.9,5.39,N,0
-5.6046,-65.2361,303.0,3.9,1.4,07-09-2024,1902,Aqua,MODIS,52,6.2,279.6,26.58,N,0
-5.8924,-65.1824,428.8,1.8,1.5,07-09-2024,1902,Aqua,MODIS,73,6.2,307.6,9.25,N,0
-5.5974,-64.9642,314.0,3.8,1.4,07-09-2024,1902,Aqua,MODIS,68,6.2,296.7,2.11,N,0
-5.5715,-65.4765,466.3,1.5,0.8,07-09-2024,1902,Aqua,MODIS,48,6.2,293.0,2.26,N,0
58.3587,99.4513,495.7,3.7,1.0,02-10-2024,812,Terra,MODIS,55,6.2,288.3,4.48,D,0
58.4503,99.1351,346.3,2.0,1.4,02-10-2024,812,Terra,MODIS,65,6.2,284.7,40.76,D,0
58.259,99.1945,334.3,1.2,1.2,02-10-2024,812,Terra,MODIS,87,6.2,289.4,34.24,D,0
58.4713,99.3131,393.6,2.2,1.6,02-10-2024,812,Terra,MODIS,52,6.2,271.4,11.97,D,0
58.2977,99.4307,426.6,3.3,1.2,02-10-2024,812,Terra,MODIS,95,6.2,300.5,26.22,D,0
58.6884,99.2131,496.6,3.4,1.5,02-10-2024,812,Terra,MODIS,45,6.2,290.7,6.49,D,0
61.4614,139.1811,323.3,1.8,0.8,21-04-2024,1037,Aqua,MODIS,51,6.2,279.8,11.69,D,0
61.8987,139.2871,444.8,1.8,1.2,21-04-2024,1037,Aqua,MODIS,49,6.2,305.2,9.18,D,0
61.4478,139.6344,444.5,2.9,0.9,21-04-2024,1037,Aqua,MODIS,63,6.2,303.5,1.52,D,0
61.3808,139.2105,376.3,2.5,1.9,21-04-2024,1037,Aqua,MODIS,54,6.2,271.3,5.37,D,0
61.8214,139.3955,432.9,3.8,1.2,21-04-2024,1037,Aqua,MODIS,74,6.2,301.5,9.83,D,0
61.9075,139.5181,476.5,3.8,1.7,21-04-2024,1037,Aqua,MODIS,86,6.2,306.1,4.18,D,0
61.6864,139.2453,493.8,2.9,1.1,21-04-2024,1037,Aqua,MODIS,23,6.2,306.7,2.57,D,0
13.5289,20.6315,310.9,2.1,1.9,26-08-2025,822,Terra,MODIS,69,6.2,291.4,7.54,D,0
13.456,20.4927,399.4,2.6,1.5,26-08-2025,822,Terra,MODIS,67,6.2,285.3,232.17,D,0
13.3204,20.8362,396.2,2.7,1.5,26-08-2025,822,Terra,MODIS,62,6.2,299.6,6.39,D,0
13.293,20.5971,437.3,1.7,1.9,26-08-2025,822,Terra,MODIS,52,6.2,304.5,111.88,D,0
13.0443,20.7016,468.9,1.7,1.0,26-08-2025,822,Terra,MODIS,26,6.2,304.0,89.61,D,0
13.3583,21.0181,373.6,3.7,1.1,26-08-2025,822,Terra,MODIS,93,6.2,305.6,1.78,D,0
13.8671,119.8519,478.8,2.7,1.7,18-08-2024,410,Terra,MODIS,50,6.2,273.7,6.81,N,0
13.9262,119.6562,359.7,3.1,1.9,18-08-2024,410,Terra,MODIS,38,6.2,292.8,100.35,N,0
13.9311,119.8709,340.7,2.8,1.8,18-08-2024,410,Terra,MODIS,32,6.2,298.2,80.44,N,0
14.031,119.453,425.8,2.1,1.4,18-08-2024,410,Terra,MODIS,31,6.2,309.8,31.8,N,0
13.6353,119.7702,351.8,3.4,1.6,18-08-2024,410,Terra,MODIS,78,6.2,292.3,2.02,N,0
13.6611,119.468,308.3,3.9,1.9,18-08-2024,410,Terra,MODIS,74,6.2,288.9,54.71,N,0
13.6485,119.5186,323.3,2.0,1.2,18-08-2024,410,Terra,MODIS,88,6.2,272.8,32.39,N,0
13.6658,119.5073,484.6,3.9,0.9,18-08-2024,410,Terra,MODIS,51,6.2,279.2,13.78,N,0
-29.591,116.6662,384.0,2.6,1.2,11-11-2025,1327,Terra,MODIS,73,6.2,305.6,20.49,D,0
-29.6633,116.9851,432.5,2.4,1.5,11-11-2025,1327,Terra,MODIS,43,6.2,286.4,7.92,D,0
-35.9614,153.0838,409.3,2.0,1.7,18-06-2024,509,Terra,MODIS,27,6.2,281.2,2.72,N,0
-36.4924,153.1317,303.9,3.0,0.9,18-06-2024,509,Terra,MODIS,23,6.2,292.2,5.03,N,0
-36.4268,153.4649,372.7,1.2,1.1,18-06-2024,509,Terra,MODIS,29,6.2,289.5,3.02,N,0
-36.1798,153.5108,364.8,2.8,1.8,18-06-2024,509,Terra,MODIS,93,6.2,290.8,23.89,N,0
-36.2475,153.2077,406.6,1.7,1.2,18-06-2024,509,Terra,MODIS,79,6.2,284.6,7.57,N,0
-36.4719,153.5669,349.1,1.2,1.5,18-06-2024,509,Terra,MODIS,81,6.2,292.5,92.23,N,0
-8.9131,-61.9156,457.7,1.4,1.5,12-10-2025,515,Aqua,MODIS,55,6.2,291.2,1.5,N,0
-8.8218,-61.9927,320.1,2.8,1.5,12-10-2025,515,Aqua,MODIS,53,6.2,289.6,1.81,N,0
-8.8909,-62.2237,393.1,1.7,1.6,12-10-2025,515,Aqua,MODIS,50,6.2,279.0,45.42,N,0
-9.0707,-62.0989,382.2,1.5,0.8,12-10-2025,515,Aqua,MODIS,61,6.2,272.8,34.52,N,0
-9.1326,-61.922,403.8,2.8,0.9,12-10-2025,515,Aqua,MODIS,21,6.2,294.6,3.52,N,0
-12.2538,-67.0069,444.2,3.2,1.2,05-09-2024,1325,Terra,MODIS,55,6.2,290.2,22.63,D,0
-12.5302,-67.2705,322.9,1.5,1.7,05-09-2024,1325,Terra,MODIS,59,6.2,305.7,9.75,D,0
-12.4428,-67.1783,472.2,3.6,2.0,05-09-2024,1325,Terra,MODIS,42,6.2,278.9,1.93,D,0
-12.1832,-67.3111,338.7,1.4,1.6,05-09-2024,1325,Terra,MODIS,92,6.2,281.3,42.69,D,0
-12.3678,-67.0512,453.8,1.5,1.1,05-09-2024,1325,Terra,MODIS,41,6.2,283.4,12.11,D,0
-12.6212,-66.8637,424.7,2.4,1.9,05-09-2024,1325,Terra,MODIS,70,6.2,296.1,72.87,D,0
-15.1027,-50.8649,402.5,2.1,1.8,02-07-2024,942,Terra,MODIS,64,6.2,309.2,31.47,D,0
-14.5715,-51.2831,455.2,3.6,1.5,02-07-2024,942,Terra,MODIS,21,6.2,291.6,12.03,D,0
-14.9679,-51.0475,448.9,2.9,1.6,02-07-2024,942,Terra,MODIS,26,6.2,301.0,0.51,D,0
-14.6225,-50.8964,319.9,1.3,1.6,02-07-2024,942,Terra,MODIS,51,6.2,280.6,12.43,D,0
-15.1034,-50.9201,490.5,2.0,1.1,02-07-2024,942,Terra,MODIS,73,6.2,308.3,18.51,D,0
-14.5829,-51.391,492.1,3.4,1.4,02-07-2024,942,Terra,MODIS,60,6.2,277.4,7.62,D,0
-14.6806,-51.2736,340.7,1.7,0.9,02-07-2024,942,Terra,MODIS,58,6.2,291.7,3.52,D,0
41.3755,6.9454,356.3,2.9,1.9,18-03-2024,1056,Aqua,MODIS,52,6.2,298.5,25.49,D,0
40.9747,7.0042,465.1,1.2,1.8,18-03-2024,1056,Aqua,MODIS,32,6.2,308.9,14.15,D,0
41.5303,7.2002,498.5,2.3,1.4,18-03-2024,1056,Aqua,MODIS,87,6.2,288.0,62.74,D,0
41.3002,7.3303,458.8,3.3,1.8,18-03-2024,1056,Aqua,MODIS,30,6.2,303.9,1.56,D,0
41.4341,6.8714,393.8,3.8,2.0,18-03-2024,1056,Aqua,MODIS,45,6.2,302.9,6.59,D,0
41.3281,7.2391,412.4,3.2,0.9,18-03-2024,1056,Aqua,MODIS,89,6.2,300.1,24.53,D,0
41.4202,7.3148,396.9,2.9,1.3,18-03-2024,1056,Aqua,MODIS,50,6.2,284.8,60.7,D,0
-6.5565,27.1832,296.0,1.0,1.9,08-04-2025,2031,Terra,MODIS,37,6.2,281.6,42.51,N,0
-6.0874,27.0079,453.4,2.0,1.7,08-04-2025,2031,Terra,MODIS,28,6.2,288.1,53.5,N,0
-6.0732,27.0718,304.1,2.9,1.7,08-04-2025,2031,Terra,MODIS,40,6.2,302.1,11.22,N,0
-6.1477,26.9467,458.9,3.9,1.5,08-04-2025,2031,Terra,MODIS,85,6.2,281.8,15.32,N,0
12.2096,106.8988,398.0,2.1,1.8,29-11-2025,501,Aqua,MODIS,67,6.2,305.3,54.82,N,0
12.3539,107.1755,393.6,2.0,1.0,29-11-2025,501,Aqua,MODIS,89,6.2,278.5,2.6,N,0
-24.7743,-2.9064,417.7,1.1,1.6,09-09-2024,1,Terra,MODIS,50,6.2,304.6,4.19,N,0
-24.7545,-2.9951,469.4,2.7,1.7,09-09-2024,1,Terra,MODIS,37,6.2,298.4,11.75,N,0
-24.7687,-2.5409,342.3,2.0,1.4,09-09-2024,1,Terra,MODIS,71,6.2,289.9,18.35,N,0
44.6904,8.8225,342.4,3.9,1.2,01-11-2025,1956,Terra,MODIS,22,6.2,292.5,4.33,N,0
44.4908,8.8071,453.6,1.7,1.3,01-11-2025,1956,Terra,MODIS,27,6.2,280.4,2.86,N,0
44.3093,8.6115,425.9,2.3,1.6,01-11-2025,1956,Terra,MODIS,21,6.2,292.7,3.79,N,0
44.464,9.1207,494.4,3.0,1.3,01-11-2025,1956,Terra,MODIS,74,6.2,289.0,95.5,N,0
44.3508,8.9863,360.2,3.6,1.4,01-11-2025,1956,Terra,MODIS,86,6.2,273.2,14.63,N,0
42.3501,-117.5713,400.7,2.6,1.5,04-01-2025,253,Terra,MODIS,26,6.2,303.8,0.78,N,0
42.2012,-117.4995,492.1,2.1,1.5,04-01-2025,253,Terra,MODIS,27,6.2,275.4,5.51,N,0
42.4294,-117.8496,483.3,3.2,1.2,04-01-2025,253,Terra,MODIS,96,6.2,284.4,7.98,N,0
42.3337,-117.6676,330.9,1.9,1.7,04-01-2025,253,Terra,MODIS,97,6.2,302.6,8.3,N,0
42.2814,-117.7384,347.2,4.0,1.4,04-01-2025,253,Terra,MODIS,51,6.2,290.5,14.26,N,0
42.1891,-117.593,414.9,1.2,1.5,04-01-2025,253,Terra,MODIS,67,6.2,275.3,3.13,N,0
-2.2973,134.9905,480.4,3.8,1.6,22-01-2025,2052,Aqua,MODIS,56,6.2,305.2,0.5,N,0
-2.3809,135.1326,379.1,3.3,1.0,22-01-2025,2052,Aqua,MODIS,83,6.2,295.4,2.34,N,0
-2.3994,135.3411,328.8,1.1,1.9,22-01-2025,2052,Aqua,MODIS,91,6.2,281.0,0.78,N,0
-2.0622,134.8845,359.0,2.3,1.0,22-01-2025,2052,Aqua,MODIS,28,6.2,277.4,9.74,N,0
-2.2891,135.3767,386.5,3.9,1.6,22-01-2025,2052,Aqua,MODIS,42,6.2,289.4,4.46,N,0
-1.9362,135.0089,338.8,1.3,1.5,22-01-2025,2052,Aqua,MODIS,71,6.2,301.1,0.5,N,0
-1.9233,135.0793,350.0,1.0,1.5,22-01-2025,2052,Aqua,MODIS,42,6.2,288.5,38.19,N,0
56.8857,112.2393,331.0,3.8,1.6,12-11-2024,552,Terra,MODIS,78,6.2,284.5,6.72,N,0
57.0592,112.2248,410.9,1.6,1.1,12-11-2024,552,Terra,MODIS,33,6.2,298.1,6.87,N,0
57.0334,112.2654,338.9,3.0,1.2,12-11-2024,552,Terra,MODIS,76,6.2,304.1,15.53,N,0
57.2524,112.2892,386.1,2.6,1.5,12-11-2024,552,Terra,MODIS,58,6.2,289.0,25.1,N,0
56.9285,112.1129,486.2,1.3,1.4,12-11-2024,552,Terra,MODIS,24,6.2,302.8,10.9,N,0
57.3831,112.1284,373.4,3.1,1.5,12-11-2024,552,Terra,MODIS,42,6.2,273.3,0.54,N,0
56.9896,112.0185,459.3,3.4,0.9,12-11-2024,552,Terra,MODIS,36,6.2,307.3,26.92,N,0
63.7553,114.5751,445.1,1.2,1.7,11-11-2024,449,Aqua,MODIS,55,6.2,287.6,18.68,N,0
63.4977,114.8067,494.4,2.2,1.9,11-11-2024,449,Aqua,MODIS,60,6.2,297.6,4.08,N,0
7.7738,-16.1656,295.3,1.5,1.1,22-05-2025,351,Aqua,MODIS,31,6.2,302.5,11.26,N,0
7.5799,-16.3933,353.5,2.2,1.3,22-05-2025,351,Aqua,MODIS,58,6.2,295.9,10.28,N,0
7.8493,-16.1543,485.4,2.9,1.6,22-05-2025,351,Aqua,MODIS,42,6.2,309.3,12.64,N,0
7.9642,-16.1323,315.3,1.7,0.8,22-05-2025,351,Aqua,MODIS,48,6.2,306.5,3.56,N,0
8.0602,-15.8526,468.1,1.0,1.5,22-05-2025,351,Aqua,MODIS,93,6.2,287.0,13.27,N,0
7.9577,-16.0629,384.7,1.9,1.4,22-05-2025,351,Aqua,MODIS,61,6.2,277.0,7.71,N,0
7.7646,-15.8749,396.6,1.2,1.7,22-05-2025,351,Aqua,MODIS,40,6.2,283.7,39.23,N,0
7.5388,-15.9436,488.4,1.4,1.2,22-05-2025,351,Aqua,MODIS,57,6.2,308.0,1.82,N,0
34.6473,-118.1436,458.2,3.9,1.6,17-06-2025,1524,Aqua,MODIS,63,6.2,305.2,37.7,D,0
34.2267,-118.2082,418.0,3.0,0.9,17-06-2025,1524,Aqua,MODIS,38,6.2,287.8,0.5,D,0
34.5787,-118.1027,472.0,1.6,1.8,17-06-2025,1524,Aqua,MODIS,58,6.2,304.6,62.84,D,0
-7.5482,-51.8449,324.9,2.0,1.2,01-01-2025,311,Terra,MODIS,47,6.2,277.0,8.42,N,0
-7.106,-51.7673,463.0,1.8,1.0,01-01-2025,311,Terra,MODIS,59,6.2,288.4,80.94,N,0
-7.2801,-52.0446,457.6,3.5,1.0,01-01-2025,311,Terra,MODIS,49,6.2,278.1,55.62,N,0
-7.3826,-51.9662,326.4,2.3,1.4,01-01-2025,311,Terra,MODIS,84,6.2,276.5,48.27,N,0
45.7202,-114.8118,393.2,2.9,1.0,30-03-2024,916,Aqua,MODIS,21,6.2,270.4,11.34,D,0
45.4358,-114.7618,468.1,1.2,0.8,30-03-2024,916,Aqua,MODIS,70,6.2,300.1,257.23,D,0
-7.4653,-54.0617,451.8,3.9,1.4,19-01-2025,656,Aqua,MODIS,50,6.2,283.2,0.65,D,0
-7.1233,-54.1594,311.0,2.9,1.8,19-01-2025,656,Aqua,MODIS,62,6.2,297.3,16.8,D,0
-7.1735,-54.2809,455.7,3.5,1.9,19-01-2025,656,Aqua,MODIS,63,6.2,301.1,8.7,D,0
-6.9873,-53.9728,367.5,1.8,1.5,19-01-2025,656,Aqua,MODIS,26,6.2,308.6,105.94,D,0
-24.6345,138.5016,331.0,1.3,1.7,20-04-2025,312,Terra,MODIS,69,6.2,296.9,10.5,N,0
-24.8176,138.5046,389.5,3.2,1.8,20-04-2025,312,Terra,MODIS,99,6.2,309.0,8.97,N,0
-24.8953,138.1043,415.2,3.9,1.2,20-04-2025,312,Terra,MODIS,30,6.2,309.1,14.13,N,0
-24.7257,138.1019,318.3,1.2,1.5,20-04-2025,312,Terra,MODIS,77,6.2,293.8,12.51,N,0
-24.7178,138.5517,399.7,2.6,0.9,20-04-2025,312,Terra,MODIS,37,6.2,290.5,42.08,N,0
-17.0552,34.934,411.9,1.2,1.4,19-10-2024,1755,Terra,MODIS,99,6.2,308.9,2.17,D,0
-17.2402,34.9584,468.9,1.5,1.7,19-10-2024,1755,Terra,MODIS,46,6.2,284.7,3.58,D,0
-17.1601,34.7214,421.6,3.7,1.5,19-10-2024,1755,Terra,MODIS,46,6.2,287.7,25.95,D,0
-16.996,34.9748,372.1,3.5,1.9,19-10-2024,1755,Terra,MODIS,61,6.2,270.6,14.59,D,0
-16.8127,34.5427,337.7,3.3,1.2,19-10-2024,1755,Terra,MODIS,78,6.2,306.6,128.63,D,0
-16.8579,34.5131,420.6,2.4,1.6,19-10-2024,1755,Terra,MODIS,96,6.2,273.5,148.21,D,0
11.6703,42.9704,350.1,2.4,1.7,20-12-2025,928,Terra,MODIS,68,6.2,272.7,5.47,D,0
11.5376,43.1022,340.2,3.7,1.2,20-12-2025,928,Terra,MODIS,21,6.2,301.3,75.1,D,0
38.7258,-120.3012,332.2,2.8,1.5,08-07-2024,2134,Terra,MODIS,64,6.2,275.8,42.61,N,0
38.8507,-120.3097,302.0,1.0,1.4,08-07-2024,2134,Terra,MODIS,68,6.2,280.3,1.58,N,0
39.0392,-120.249,355.7,1.4,0.9,08-07-2024,2134,Terra,MODIS,96,6.2,278.6,26.15,N,0
39.1842,-120.5013,481.2,1.3,1.7,08-07-2024,2134,Terra,MODIS,56,6.2,273.8,5.71,N,0
11.9086,95.6866,397.4,1.3,1.7,11-03-2024,17,Terra,MODIS,74,6.2,289.5,2.79,N,0
11.9642,95.5055,300.7,2.7,1.9,11-03-2024,17,Terra,MODIS,85,6.2,274.3,61.37,N,0
12.1705,95.6043,320.4,2.3,1.6,11-03-2024,17,Terra,MODIS,54,6.2,299.6,2.8,N,0
11.8414,95.6967,298.6,3.6,1.7,11-03-2024,17,Terra,MODIS,30,6.2,294.0,19.54,N,0
-7.0467,-52.0248,392.8,1.0,1.6,25-06-2024,2305,Aqua,MODIS,63,6.2,299.3,18.83,N,0
-6.6282,-51.489,496.8,0.8,1.5,25-06-2024,2305,Aqua,MODIS,65,6.2,293.9,78.94,N,0
-7.0967,-51.8741,448.7,3.7,1.5,25-06-2024,2305,Aqua,MODIS,100,6.2,280.4,98.6,N,0
-6.6351,-51.5117,430.2,1.9,1.1,25-06-2024,2305,Aqua,MODIS,82,6.2,281.6,13.97,N,0
-6.9433,-51.4775,479.2,2.1,1.6,25-06-2024,2305,Aqua,MODIS,68,6.2,278.0,94.84,N,0
-6.9341,-51.8254,475.6,2.1,0.9,25-06-2024,2305,Aqua,MODIS,88,6.2,297.5,28.2,N,0
-6.9,-51.4927,418.9,2.8,1.7,25-06-2024,2305,Aqua,MODIS,24,6.2,281.1,10.72,N,0
-7.1135,-51.5459,399.0,1.6,1.7,25-06-2024,2305,Aqua,MODIS,63,6.2,304.4,4.64,N,0
1.955,26.2643,347.8,1.2,1.0,11-08-2024,13,Aqua,MODIS,95,6.2,291.3,0.83,N,0
1.8322,26.1663,322.0,2.8,1.4,11-08-2024,13,Aqua,MODIS,32,6.2,282.1,13.49,N,0
1.5231,26.3115,451.8,1.3,1.3,11-08-2024,13,Aqua,MODIS,41,6.2,302.2,21.72,N,0
1.7108,26.6618,498.3,2.0,1.2,11-08-2024,13,Aqua,MODIS,49,6.2,283.2,36.32,N,0
1.648,26.2477,415.8,3.5,2.0,11-08-2024,13,Aqua,MODIS,46,6.2,300.7,5.31,N,0
1.8268,26.6916,479.4,2.8,1.1,11-08-2024,13,Aqua,MODIS,90,6.2,291.4,114.15,N,0
1.5191,26.6761,468.5,3.4,1.5,11-08-2024,13,Aqua,MODIS,40,6.2,292.8,10.91,N,0
-4.0395,-54.0724,320.5,1.5,1.2,30-10-2024,2030,Terra,MODIS,56,6.2,290.5,26.92,N,0
-3.9214,-54.2437,496.2,1.3,1.8,30-10-2024,2030,Terra,MODIS,62,6.2,288.6,5.52,N,0
-4.2746,-54.0231,324.1,1.2,0.8,30-10-2024,2030,Terra,MODIS,65,6.2,306.5,3.58,N,0
-4.2003,-53.9528,481.4,1.1,1.2,30-10-2024,2030,Terra,MODIS,52,6.2,306.7,20.52,N,0
-4.1225,-54.3624,322.2,3.6,1.1,30-10-2024,2030,Terra,MODIS,26,6.2,295.9,0.72,N,0
-4.2032,-54.1032,365.5,1.3,1.6,30-10-2024,2030,Terra,MODIS,24,6.2,302.2,8.11,N,0
-5.3919,-51.2355,388.0,2.3,1.7,22-04-2025,1937,Terra,MODIS,57,6.2,296.7,1.0,N,0
-5.3858,-51.5486,376.0,1.2,1.2,22-04-2025,1937,Terra,MODIS,58,6.2,273.3,2.92,N,0
-5.548,-51.5476,435.5,1.1,1.4,22-04-2025,1937,Terra,MODIS,24,6.2,279.6,7.61,N,0
41.144,20.2183,487.1,1.6,1.7,25-01-2024,635,Aqua,MODIS,71,6.2,294.1,15.18,D,0
41.2862,20.242,477.6,1.2,1.2,25-01-2024,635,Aqua,MODIS,89,6.2,299.1,24.7,D,0
40.9524,20.2493,486.3,2.2,1.6,25-01-2024,635,Aqua,MODIS,59,6.2,291.7,8.09,D,0
41.0333,20.3331,474.6,3.5,0.9,25-01-2024,635,Aqua,MODIS,59,6.2,288.2,11.48,D,0
40.9737,20.3032,337.5,0.9,1.0,25-01-2024,635,Aqua,MODIS,99,6.2,292.6,11.25,D,0
40.9469,20.5262,357.7,1.9,1.3,25-01-2024,635,Aqua,MODIS,41,6.2,273.1,281.62,D,0
41.0657,20.6049,357.2,1.6,1.1,25-01-2024,635,Aqua,MODIS,40,6.2,288.0,6.64,D,0
41.1371,20.553,425.2,3.7,0.9,25-01-2024,635,Aqua,MODIS,81,6.2,276.9,252.38,D,0
-28.4256,125.4381,335.0,3.6,1.0,20-06-2024,44,Aqua,MODIS,88,6.2,272.2,152.11,N,0
-28.091,125.4024,335.3,1.0,0.9,20-06-2024,44,Aqua,MODIS,100,6.2,293.3,1.86,N,0
-28.1569,125.1549,326.8,1.0,0.8,20-06-2024,44,Aqua,MODIS,60,6.2,272.8,112.1,N,0
60.1399,76.4448,477.9,2.8,1.1,19-04-2025,924,Terra,MODIS,77,6.2,300.0,145.99,D,0
59.9732,76.2634,420.5,1.9,1.2,19-04-2025,924,Terra,MODIS,52,6.2,295.4,1.11,D,0
60.0124,76.4662,382.7,1.1,1.2,19-04-2025,924,Terra,MODIS,88,6.2,307.7,40.47,D,0
59.8883,76.5367,312.9,4.0,1.7,19-04-2025,924,Terra,MODIS,55,6.2,308.7,25.01,D,0
-18.0653,142.123,409.9,2.6,1.4,23-10-2024,617,Terra,MODIS,45,6.2,272.8,14.08,D,0
-17.7601,142.6238,358.5,2.1,1.8,23-10-2024,617,Terra,MODIS,53,6.2,276.2,6.24,D,0
-18.2585,142.3429,468.9,2.7,1.8,23-10-2024,617,Terra,MODIS,44,6.2,277.0,20.49,D,0
-17.8713,142.2163,327.1,2.7,1.8,23-10-2024,617,Terra,MODIS,29,6.2,300.3,5.36,D,0
-29.9068,125.5063,363.3,2.5,1.3,21-03-2025,1532,Terra,MODIS,70,6.2,288.3,35.98,D,0
-29.9216,125.5895,491.3,2.0,1.5,21-03-2025,1532,Terra,MODIS,78,6.2,287.1,1.74,D,0
-29.8645,125.1618,354.6,2.4,1.9,21-03-2025,1532,Terra,MODIS,30,6.2,281.5,3.51,D,0
-29.7878,125.363,412.9,0.9,1.2,21-03-2025,1532,Terra,MODIS,63,6.2,299.6,4.99,D,0
-30.1592,125.4154,397.9,3.0,0.9,21-03-2025,1532,Terra,MODIS,28,6.2,273.3,18.69,D,0
-29.894,125.1647,309.1,2.7,0.9,21-03-2025,1532,Terra,MODIS,60,6.2,293.3,15.52,D,0
56.3121,96.0013,498.1,2.9,1.0,23-06-2025,4,Aqua,MODIS,93,6.2,303.9,7.04,N,0
56.122,96.1783,419.0,2.4,0.9,23-06-2025,4,Aqua,MODIS,21,6.2,300.9,18.86,N,0
55.9619,95.892,310.8,2.0,1.9,23-06-2025,4,Aqua,MODIS,48,6.2,309.6,1.3,N,0
56.1529,96.0739,399.2,1.0,1.4,23-06-2025,4,Aqua,MODIS,34,6.2,288.0,20.07,N,0
55.963,95.8081,365.6,3.3,1.5,23-06-2025,4,Aqua,MODIS,93,6.2,288.4,37.2,N,0
55.9232,95.8358,459.8,2.0,1.4,23-06-2025,4,Aqua,MODIS,53,6.2,277.8,0.78,N,0
10.4015,137.1529,490.4,3.2,1.5,13-05-2025,1730,Terra,MODIS,53,6.2,302.5,28.29,D,0
10.2295,137.1301,306.1,3.6,1.3,13-05-2025,1730,Terra,MODIS,26,6.2,282.8,1.1,D,0
10.3025,136.7783,297.4,1.1,1.0,13-05-2025,1730,Terra,MODIS,85,6.2,301.4,12.03,D,0
10.3428,136.6629,444.0,3.0,1.1,13-05-2025,1730,Terra,MODIS,88,6.2,287.0,20.83,D,0
10.1256,136.9117,355.5,0.9,1.9,13-05-2025,1730,Terra,MODIS,52,6.2,301.0,18.42,D,0
10.3673,136.899,352.1,3.1,1.8,13-05-2025,1730,Terra,MODIS,59,6.2,298.9,1.43,D,0
1.676,99.6841,311.5,1.2,1.7,13-12-2024,1703,Terra,MODIS,46,6.2,301.1,2.33,D,0
1.5509,99.6184,383.1,3.5,1.5,13-12-2024,1703,Terra,MODIS,53,6.2,293.2,7.93,D,0
1.4922,99.5608,440.8,1.0,1.6,13-12-2024,1703,Terra,MODIS,57,6.2,298.4,4.82,D,0
1.3982,100.0081,423.9,2.1,2.0,13-12-2024,1703,Terra,MODIS,90,6.2,285.7,5.39,D,0
1.3196,99.5526,454.6,2.1,1.3,13-12-2024,1703,Terra,MODIS,70,6.2,296.6,42.08,D,0
1.4599,99.7441,299.1,3.6,1.5,13-12-2024,1703,Terra,MODIS,29,6.2,270.4,2.99,D,0
1.7005,99.643,314.2,1.9,1.1,13-12-2024,1703,Terra,MODIS,49,6.2,303.5,16.26,D,0
1.4264,99.8292,334.8,3.8,1.7,13-12-2024,1703,Terra,MODIS,30,6.2,288.7,120.46,D,0
