latitude,longitude,bright_ti4,scan,track,acq_date,acq_time,satellite,instrument,confidence,version,bright_ti5,frp,daynight,type
62.38372,120.17092,314.58,0.54,0.39,11-11-2025,2125,N,VIIRS,l,2,293.06,3.27,N,0
62.2403,120.06881,451.74,0.68,0.56,11-11-2025,2125,N,VIIRS,h,2,289.89,42.49,N,0
-38.47017,123.10358,462.1,0.51,0.57,20-09-2024,1938,2,VIIRS,l,2,262.52,11.83,N,0
-38.24246,123.01391,417.0,0.52,0.54,20-09-2024,1938,2,VIIRS,h,2,298.78,5.03,N,0
-38.29059,122.9552,470.83,0.53,0.58,20-09-2024,1938,2,VIIRS,n,2,286.18,8.94,N,0
-38.40361,122.94074,334.88,0.36,0.66,20-09-2024,1938,2,VIIRS,n,2,261.15,10.8,N,0
-38.5119,123.04966,464.6,0.52,0.63,20-09-2024,1938,2,VIIRS,l,2,274.25,19.25,N,0
-32.28677,133.57136,493.86,0.36,0.57,21-10-2024,814,2,VIIRS,n,2,286.07,24.03,D,0
-32.41836,133.55717,318.05,0.42,0.7,21-10-2024,814,2,VIIRS,l,2,302.46,56.75,D,0
-32.18706,133.45913,381.93,0.46,0.76,21-10-2024,814,2,VIIRS,h,2,264.66,1.38,D,0
-12.1834,128.38245,400.08,0.66,0.59,08-09-2024,1618,1,VIIRS,n,2,265.59,30.92,D,0
-11.98833,128.37726,378.13,0.6,0.39,08-09-2024,1618,1,VIIRS,n,2,308.23,56.34,D,0
-12.01231,128.35745,331.03,0.74,0.72,08-09-2024,1618,1,VIIRS,l,2,306.39,22.01,D,0
-12.03596,128.37111,440.96,0.47,0.64,08-09-2024,1618,1,VIIRS,n,2,295.24,13.72,D,0
-12.05934,128.5075,387.47,0.66,0.66,08-09-2024,1618,1,VIIRS,n,2,278.26,20.28,D,0
-12.18342,128.40485,452.56,0.72,0.59,08-09-2024,1618,1,VIIRS,h,2,302.62,3.45,D,0
-12.00464,128.48823,321.75,0.67,0.4,08-09-2024,1618,1,VIIRS,h,2,294.79,5.87,D,0
65.45001,94.577,415.66,0.48,0.51,14-03-2025,2119,2,VIIRS,n,2,279.54,33.65,N,0
65.3999,94.55121,342.96,0.43,0.59,14-03-2025,2119,2,VIIRS,n,2,300.2,230.22,N,0
65.52913,94.81067,418.56,0.4,0.49,14-03-2025,2119,2,VIIRS,n,2,293.07,13.98,N,0
65.39497,94.74558,458.65,0.74,0.57,14-03-2025,2119,2,VIIRS,n,2,308.73,3.12,N,0
65.49054,94.74393,307.11,0.39,0.54,14-03-2025,2119,2,VIIRS,h,2,260.16,23.87,N,0
65.39506,94.55795,346.21,0.67,0.4,14-03-2025,2119,2,VIIRS,h,2,309.97,46.27,N,0
65.61818,94.65711,472.76,0.62,0.4,14-03-2025,2119,2,VIIRS,l,2,290.69,8.32,N,0
65.43011,94.82702,334.61,0.51,0.57,14-03-2025,2119,2,VIIRS,n,2,308.54,31.95,N,0
38.72758,-4.52467,354.73,0.35,0.69,17-04-2025,1437,2,VIIRS,h,2,267.34,14.71,D,0
38.71577,-4.49089,389.8,0.41,0.51,17-04-2025,1437,2,VIIRS,n,2,274.43,4.52,D,0
38.94051,-4.43457,464.5,0.54,0.5,17-04-2025,1437,2,VIIRS,n,2,307.93,71.36,D,0
38.7935,-4.65952,436.6,0.71,0.65,17-04-2025,1437,2,VIIRS,n,2,279.04,7.55,D,0
38.82363,-4.37042,365.58,0.47,0.63,17-04-2025,1437,2,VIIRS,h,2,303.55,4.65,D,0
38.68973,-4.61308,365.95,0.39,0.66,17-04-2025,1437,2,VIIRS,n,2,282.37,40.53,D,0
38.74782,-4.63825,374.96,0.64,0.39,17-04-2025,1437,2,VIIRS,n,2,277.54,3.93,D,0
4.60894,136.91565,321.43,0.69,0.63,28-10-2024,1918,2,VIIRS,n,2,260.65,22.61,N,0
4.4499,136.76953,352.27,0.47,0.59,28-10-2024,1918,2,VIIRS,n,2,304.26,17.23,N,0
3.28256,14.6794,380.93,0.36,0.41,07-05-2024,2015,N,VIIRS,n,2,293.94,7.09,N,0
3.02828,14.74331,342.68,0.7,0.65,07-05-2024,2015,N,VIIRS,l,2,278.55,5.29,N,0
3.0126,14.59636,407.02,0.5,0.4,07-05-2024,2015,N,VIIRS,n,2,282.35,13.35,N,0
3.23303,14.61822,494.86,0.37,0.5,07-05-2024,2015,N,VIIRS,h,2,268.44,44.47,N,0
3.13148,14.64433,351.76,0.64,0.55,07-05-2024,2015,N,VIIRS,n,2,272.74,52.05,N,0
3.0231,14.57932,421.74,0.38,0.58,07-05-2024,2015,N,VIIRS,h,2,288.4,17.24,N,0
3.20427,14.66634,429.79,0.45,0.39,07-05-2024,2015,N,VIIRS,h,2,289.31,3.78,N,0
40.25303,-120.86158,430.37,0.72,0.51,19-01-2025,8,2,VIIRS,n,2,265.46,5.97,N,0
40.22458,-120.70339,354.74,0.39,0.59,19-01-2025,8,2,VIIRS,l,2,281.09,36.83,N,0
39.97265,-120.85512,319.27,0.59,0.61,19-01-2025,8,2,VIIRS,l,2,283.74,2.05,N,0
44.58998,-122.361,470.77,0.46,0.57,19-04-2024,857,1,VIIRS,n,2,283.17,46.87,D,0
44.56565,-122.25836,443.66,0.71,0.41,19-04-2024,857,1,VIIRS,n,2,276.67,4.17,D,0
44.6169,-122.30348,454.98,0.54,0.48,19-04-2024,857,1,VIIRS,l,2,278.12,125.65,D,0
41.45653,6.7259,407.65,0.73,0.4,07-12-2024,1659,N,VIIRS,h,2,267.54,32.95,D,0
41.42931,6.8449,381.49,0.69,0.59,07-12-2024,1659,N,VIIRS,l,2,269.22,64.49,D,0
41.35738,6.79824,423.24,0.69,0.6,07-12-2024,1659,N,VIIRS,n,2,281.18,5.45,D,0
41.47897,6.80403,482.6,0.41,0.69,07-12-2024,1659,N,VIIRS,n,2,265.34,41.25,D,0
41.49873,6.8363,416.05,0.53,0.59,07-12-2024,1659,N,VIIRS,h,2,262.79,31.71,D,0
41.47489,6.74436,324.67,0.32,0.5,07-12-2024,1659,N,VIIRS,n,2,277.9,19.86,D,0
43.35528,-7.02463,447.77,0.4,0.61,04-02-2024,2310,1,VIIRS,l,2,286.81,4.72,N,0
43.39288,-7.31224,385.67,0.56,0.43,04-02-2024,2310,1,VIIRS,n,2,306.45,1.8,N,0
43.27403,-7.07813,463.06,0.65,0.68,04-02-2024,2310,1,VIIRS,h,2,294.22,27.64,N,0
43.19905,-7.06678,457.33,0.48,0.39,04-02-2024,2310,1,VIIRS,n,2,282.13,1.34,N,0
43.293,-7.30598,367.35,0.42,0.4,04-02-2024,2310,1,VIIRS,h,2,278.18,252.98,N,0
38.56749,16.27428,492.01,0.46,0.52,22-05-2024,923,2,VIIRS,h,2,306.43,7.42,D,0
38.8099,16.41072,325.15,0.42,0.51,22-05-2024,923,2,VIIRS,h,2,305.42,12.12,D,0
38.73744,16.28977,447.35,0.55,0.39,22-05-2024,923,2,VIIRS,n,2,294.07,39.21,D,0
38.66816,16.31197,331.8,0.66,0.58,22-05-2024,923,2,VIIRS,n,2,296.4,1.71,D,0
38.70488,16.48814,317.34,0.74,0.65,22-05-2024,923,2,VIIRS,n,2,302.3,2.13,D,0
38.7199,16.32151,355.89,0.41,0.37,22-05-2024,923,2,VIIRS,n,2,303.67,47.48,D,0
38.76549,16.30678,321.54,0.71,0.38,22-05-2024,923,2,VIIRS,h,2,266.66,28.23,D,0
69.48164,117.30153,445.6,0.58,0.45,07-11-2025,840,N,VIIRS,h,2,270.24,4.35,D,0
69.35991,117.22925,499.36,0.46,0.51,07-11-2025,840,N,VIIRS,n,2,279.07,3.33,D,0
41.13826,6.81026,418.42,0.53,0.5,04-12-2024,1844,2,VIIRS,h,2,302.04,6.2,N,0
40.90566,6.91157,488.37,0.37,0.46,04-12-2024,1844,2,VIIRS,h,2,279.49,31.01,N,0
40.95169,6.87011,371.29,0.36,0.4,04-12-2024,1844,2,VIIRS,h,2,264.24,40.65,N,0
41.08535,7.01791,497.5,0.39,0.5,04-12-2024,1844,2,VIIRS,n,2,284.03,11.82,N,0
41.07746,7.08422,322.27,0.48,0.45,04-12-2024,1844,2,VIIRS,l,2,308.15,7.78,N,0
41.01075,6.82195,417.47,0.45,0.46,04-12-2024,1844,2,VIIRS,n,2,260.83,0.5,N,0
40.89486,7.00157,371.15,0.6,0.7,04-12-2024,1844,2,VIIRS,n,2,301.97,3.0,N,0
0.29255,131.14878,350.93,0.49,0.58,15-12-2025,340,N,VIIRS,n,2,293.92,0.58,N,0
0.29493,131.34971,405.04,0.45,0.45,15-12-2025,340,N,VIIRS,n,2,274.66,16.89,N,0
0.30518,131.35438,415.41,0.68,0.58,15-12-2025,340,N,VIIRS,l,2,281.56,16.08,N,0
0.4747,131.28228,479.85,0.35,0.42,15-12-2025,340,N,VIIRS,h,2,297.36,8.96,N,0
0.34436,131.18035,420.34,0.44,0.75,15-12-2025,340,N,VIIRS,n,2,300.17,39.9,N,0
0.23215,131.34499,350.24,0.53,0.4,15-12-2025,340,N,VIIRS,n,2,276.55,11.62,N,0
0.3389,131.28785,486.87,0.46,0.64,15-12-2025,340,N,VIIRS,l,2,304.23,28.6,N,0
-14.5094,121.78141,320.24,0.5,0.63,09-02-2024,2306,1,VIIRS,n,2,286.31,25.37,N,0
-14.31389,121.8171,398.57,0.6,0.49,09-02-2024,2306,1,VIIRS,h,2,265.06,83.73,N,0
-14.30586,121.76756,453.81,0.68,0.69,09-02-2024,2306,1,VIIRS,n,2,298.08,6.82,N,0
-14.33795,121.72459,352.92,0.35,0.58,09-02-2024,2306,1,VIIRS,n,2,286.32,3.13,N,0
-14.32346,121.73566,452.44,0.51,0.5,09-02-2024,2306,1,VIIRS,n,2,267.43,2.15,N,0
-14.48676,121.93512,386.4,0.58,0.68,09-02-2024,2306,1,VIIRS,n,2,295.29,253.93,N,0
-14.2843,121.79251,470.32,0.44,0.61,09-02-2024,2306,1,VIIRS,h,2,289.5,4.35,N,0
53.18246,88.89259,336.83,0.58,0.45,20-08-2024,725,N,VIIRS,l,2,296.93,8.96,D,0
53.30555,89.02789,350.5,0.38,0.55,20-08-2024,725,N,VIIRS,n,2,265.53,24.44,D,0
53.23075,88.98244,367.54,0.7,0.72,20-08-2024,725,N,VIIRS,h,2,268.72,3.59,D,0
53.28918,88.98183,313.41,0.4,0.62,20-08-2024,725,N,VIIRS,n,2,292.76,22.17,D,0
53.28105,88.87497,458.97,0.53,0.66,20-08-2024,725,N,VIIRS,h,2,274.73,15.8,D,0
46.5949,-122.64222,355.46,0.33,0.7,20-06-2025,642,N,VIIRS,l,2,280.96,8.62,D,0
46.82211,-122.68379,496.85,0.66,0.68,20-06-2025,642,N,VIIRS,h,2,264.39,7.24,D,0
46.6106,-122.78751,404.88,0.56,0.58,20-06-2025,642,N,VIIRS,h,2,300.38,44.79,D,0
46.74594,-122.695,415.91,0.5,0.38,20-06-2025,642,N,VIIRS,h,2,291.42,14.3,D,0
46.57754,-122.66055,356.38,0.72,0.72,20-06-2025,642,N,VIIRS,h,2,278.28,45.73,D,0
46.71146,-122.86799,345.25,0.73,0.5,20-06-2025,642,N,VIIRS,h,2,263.22,266.7,D,0
66.3251,92.0062,433.43,0.62,0.43,12-06-2025,1825,N,VIIRS,n,2,304.13,15.98,N,0
66.49886,91.93809,400.22,0.75,0.47,12-06-2025,1825,N,VIIRS,h,2,308.02,2.13,N,0
66.2188,92.17986,355.66,0.49,0.48,12-06-2025,1825,N,VIIRS,l,2,266.42,45.42,N,0
66.41505,92.10504,354.04,0.41,0.69,12-06-2025,1825,N,VIIRS,h,2,290.84,4.7,N,0
66.46462,92.10895,358.07,0.59,0.41,12-06-2025,1825,N,VIIRS,n,2,290.16,5.68,N,0
37.68874,11.46433,341.26,0.38,0.58,02-05-2025,717,1,VIIRS,l,2,268.63,13.06,D,0
37.52149,11.50561,391.32,0.44,0.38,02-05-2025,717,1,VIIRS,h,2,279.14,181.44,D,0
5.04729,136.54616,331.51,0.51,0.38,23-03-2025,1308,1,VIIRS,n,2,286.11,2.44,D,0
5.12655,136.61105,484.16,0.61,0.5,23-03-2025,1308,1,VIIRS,n,2,288.78,21.43,D,0
5.29507,136.51863,485.58,0.44,0.66,23-03-2025,1308,1,VIIRS,n,2,301.04,4.03,D,0
40.99978,0.10585,476.15,0.7,0.48,08-02-2024,442,1,VIIRS,n,2,298.14,0.5,N,0
40.86879,0.20138,466.16,0.53,0.74,08-02-2024,442,1,VIIRS,h,2,295.57,141.27,N,0
41.13018,0.1437,369.35,0.57,0.38,08-02-2024,442,1,VIIRS,h,2,285.51,30.9,N,0
41.11393,0.21526,415.53,0.58,0.44,08-02-2024,442,1,VIIRS,n,2,280.48,5.58,N,0
41.11226,0.25502,480.68,0.68,0.46,08-02-2024,442,1,VIIRS,n,2,308.16,83.6,N,0
40.95859,0.31153,496.61,0.44,0.53,08-02-2024,442,1,VIIRS,l,2,267.43,28.25,N,0
41.03032,0.30857,311.68,0.55,0.42,08-02-2024,442,1,VIIRS,l,2,271.43,3.98,N,0
-23.0157,13.69402,301.69,0.72,0.45,04-09-2024,139,N,VIIRS,h,2,296.71,0.5,N,0
-22.85144,13.65224,471.39,0.38,0.5,04-09-2024,139,N,VIIRS,n,2,260.34,34.87,N,0
-22.96971,13.78405,336.56,0.36,0.62,04-09-2024,139,N,VIIRS,n,2,261.81,20.73,N,0
-22.8638,13.86691,411.61,0.39,0.62,04-09-2024,139,N,VIIRS,h,2,296.08,56.33,N,0
41.592,24.05416,434.76,0.38,0.5,03-08-2024,444,2,VIIRS,n,2,270.77,1.6,N,0
41.71358,23.94356,427.0,0.74,0.36,03-08-2024,444,2,VIIRS,n,2,275.09,14.18,N,0
41.75195,24.13699,441.04,0.68,0.72,03-08-2024,444,2,VIIRS,h,2,304.03,12.17,N,0
41.72279,23.96884,381.52,0.67,0.65,03-08-2024,444,2,VIIRS,n,2,280.59,14.88,N,0
41.72331,24.16901,410.11,0.54,0.49,03-08-2024,444,2,VIIRS,l,2,285.71,222.85,N,0
-2.31387,100.15618,371.56,0.59,0.57,28-02-2024,904,1,VIIRS,n,2,309.17,10.62,D,0
-2.28986,100.29956,432.1,0.39,0.66,28-02-2024,904,1,VIIRS,h,2,283.6,113.17,D,0
-2.37494,100.29853,420.29,0.48,0.39,28-02-2024,904,1,VIIRS,n,2,294.44,241.47,D,0
-2.45603,100.19022,496.38,0.69,0.59,28-02-2024,904,1,VIIRS,h,2,302.52,31.61,D,0
-2.28051,100.13459,394.66,0.36,0.7,28-02-2024,904,1,VIIRS,h,2,268.37,55.56,D,0
33.77957,-121.25953,391.87,0.69,0.39,17-01-2024,1722,N,VIIRS,n,2,298.75,0.61,D,0
33.83088,-121.23644,415.03,0.65,0.37,17-01-2024,1722,N,VIIRS,n,2,286.96,32.75,D,0
33.86409,-121.26497,308.07,0.65,0.54,17-01-2024,1722,N,VIIRS,n,2,289.75,4.67,D,0
33.80904,-121.23687,496.27,0.4,0.48,17-01-2024,1722,N,VIIRS,n,2,277.73,4.5,D,0
-28.04229,115.06194,448.93,0.4,0.68,21-08-2024,556,N,VIIRS,h,2,277.35,3.41,N,0
-27.86734,114.94391,358.78,0.65,0.47,21-08-2024,556,N,VIIRS,n,2,296.42,3.4,N,0
-28.09161,114.9027,311.63,0.46,0.44,21-08-2024,556,N,VIIRS,n,2,266.11,2.2,N,0
-27.88034,114.96902,326.54,0.49,0.58,21-08-2024,556,N,VIIRS,n,2,281.96,16.36,N,0
37.56449,11.10068,321.93,0.38,0.41,07-07-2024,407,N,VIIRS,n,2,267.74,19.52,N,0
37.61551,11.14191,482.18,0.4,0.73,07-07-2024,407,N,VIIRS,n,2,288.97,88.18,N,0
37.76584,11.1182,445.51,0.32,0.7,07-07-2024,407,N,VIIRS,h,2,270.84,2.27,N,0
37.61607,10.94289,411.31,0.44,0.74,07-07-2024,407,N,VIIRS,n,2,306.61,4.43,N,0
37.69835,11.14339,467.1,0.32,0.39,07-07-2024,407,N,VIIRS,h,2,305.7,16.08,N,0
37.59197,10.93779,353.68,0.71,0.38,07-07-2024,407,N,VIIRS,h,2,279.16,41.03,N,0
38.93171,17.50109,339.99,0.47,0.64,16-07-2024,1119,1,VIIRS,n,2,301.98,2.35,D,0
38.75138,17.35152,361.35,0.42,0.43,16-07-2024,1119,1,VIIRS,n,2,290.42,396.85,D,0
38.69713,17.43925,413.5,0.53,0.65,16-07-2024,1119,1,VIIRS,n,2,305.01,22.67,D,0
54.9174,121.66507,322.97,0.57,0.68,28-04-2025,2205,N,VIIRS,h,2,268.41,7.76,N,0
54.81836,121.47507,412.64,0.6,0.58,28-04-2025,2205,N,VIIRS,n,2,267.9,229.62,N,0
54.87793,121.56854,327.0,0.6,0.65,28-04-2025,2205,N,VIIRS,h,2,278.15,1.14,N,0
54.91679,121.6243,356.18,0.74,0.49,28-04-2025,2205,N,VIIRS,n,2,281.78,8.06,N,0
55.0666,121.41284,441.18,0.57,0.38,28-04-2025,2205,N,VIIRS,h,2,268.57,2.25,N,0
55.05877,121.62235,348.88,0.35,0.66,28-04-2025,2205,N,VIIRS,n,2,291.11,7.61,N,0
54.83076,121.4279,471.28,0.62,0.69,28-04-2025,2205,N,VIIRS,h,2,302.0,6.8,N,0
55.08053,121.44368,438.28,0.42,0.69,28-04-2025,2205,N,VIIRS,n,2,307.97,19.14,N,0
32.6832,-119.29128,427.5,0.52,0.71,08-03-2025,1941,N,VIIRS,l,2,275.31,4.16,N,0
32.52793,-119.25379,465.01,0.69,0.58,08-03-2025,1941,N,VIIRS,n,2,300.6,12.77,N,0
32.39236,-119.11002,333.83,0.41,0.75,08-03-2025,1941,N,VIIRS,n,2,287.86,15.61,N,0
32.45134,-119.19732,342.0,0.36,0.46,08-03-2025,1941,N,VIIRS,n,2,288.91,1.61,N,0
32.48382,-119.09367,337.88,0.71,0.53,08-03-2025,1941,N,VIIRS,n,2,307.29,3.31,N,0
32.54867,-119.11001,482.06,0.4,0.75,08-03-2025,1941,N,VIIRS,n,2,273.71,19.76,N,0
57.0367,81.07295,491.0,0.66,0.52,10-02-2024,750,N,VIIRS,l,2,300.85,27.38,D,0
57.1647,80.88973,432.73,0.38,0.53,10-02-2024,750,N,VIIRS,n,2,280.83,1.84,D,0
56.9532,81.06948,429.55,0.47,0.68,10-02-2024,750,N,VIIRS,n,2,306.31,42.9,D,0
57.2042,81.06215,369.07,0.6,0.44,10-02-2024,750,N,VIIRS,n,2,286.21,3.37,D,0
57.06135,80.95257,306.91,0.45,0.39,10-02-2024,750,N,VIIRS,n,2,299.02,16.62,D,0
39.13093,0.1434,376.05,0.74,0.75,15-07-2024,2220,2,VIIRS,n,2,261.83,352.19,N,0
39.223,0.23631,418.03,0.71,0.36,15-07-2024,2220,2,VIIRS,n,2,268.31,2.18,N,0
69.5543,84.30787,476.53,0.62,0.68,19-04-2025,625,2,VIIRS,n,2,307.04,7.45,D,0
69.63099,84.41605,474.32,0.47,0.39,19-04-2025,625,2,VIIRS,h,2,308.54,3.64,D,0
69.58722,84.39012,463.82,0.41,0.41,19-04-2025,625,2,VIIRS,n,2,275.24,10.66,D,0
69.52577,84.34991,365.31,0.35,0.48,19-04-2025,625,2,VIIRS,l,2,307.05,41.66,D,0
69.40926,84.34541,433.49,0.53,0.73,19-04-2025,625,2,VIIRS,h,2,263.94,3.01,D,0
69.65007,84.31345,435.77,0.62,0.38,19-04-2025,625,2,VIIRS,h,2,285.93,8.33,D,0
-28.60873,140.33186,374.36,0.37,0.38,14-08-2025,327,2,VIIRS,n,2,278.88,38.97,N,0
-28.38114,140.29825,335.32,0.65,0.65,14-08-2025,327,2,VIIRS,n,2,300.77,4.61,N,0
-28.38754,140.40144,466.17,0.54,0.67,14-08-2025,327,2,VIIRS,n,2,261.4,6.59,N,0
8.03954,128.32748,404.67,0.45,0.62,10-10-2025,304,N,VIIRS,n,2,301.58,31.8,N,0
8.09611,128.56921,314.81,0.72,0.46,10-10-2025,304,N,VIIRS,n,2,265.5,4.77,N,0
8.26107,128.32663,336.09,0.45,0.4,10-10-2025,304,N,VIIRS,n,2,309.98,66.24,N,0
8.28376,128.47496,365.65,0.47,0.56,10-10-2025,304,N,VIIRS,h,2,288.95,4.35,N,0
44.70768,-114.83896,343.17,0.74,0.75,04-02-2025,2021,1,VIIRS,n,2,298.61,41.96,N,0
44.82278,-114.83127,497.91,0.52,0.51,04-02-2025,2021,1,VIIRS,h,2,275.07,0.61,N,0
44.79534,-114.81376,330.11,0.4,0.61,04-02-2025,2021,1,VIIRS,n,2,276.79,5.91,N,0
44.74577,-114.89127,443.2,0.33,0.7,04-02-2025,2021,1,VIIRS,n,2,278.89,36.19,N,0
44.82858,-114.95626,333.09,0.63,0.45,04-02-2025,2021,1,VIIRS,n,2,304.03,12.28,N,0
44.57131,-115.07515,369.99,0.45,0.46,04-02-2025,2021,1,VIIRS,h,2,270.63,2.39,N,0
44.80525,-114.81982,412.81,0.53,0.67,04-02-2025,2021,1,VIIRS,n,2,265.56,8.42,N,0
-8.23097,-9.42222,478.74,0.37,0.45,26-02-2024,1137,1,VIIRS,l,2,289.27,17.93,D,0
-8.16296,-9.4957,411.04,0.65,0.45,26-02-2024,1137,1,VIIRS,l,2,305.2,22.3,D,0
-8.20834,-9.30627,455.71,0.45,0.4,26-02-2024,1137,1,VIIRS,n,2,272.38,111.19,D,0
-8.18272,-9.5378,391.46,0.71,0.63,26-02-2024,1137,1,VIIRS,l,2,277.55,8.04,D,0
-8.28834,-9.54404,322.79,0.71,0.64,26-02-2024,1137,1,VIIRS,n,2,284.95,7.07,D,0
-4.26106,136.75395,472.51,0.73,0.49,30-12-2025,1641,N,VIIRS,h,2,266.54,17.94,D,0
-4.29363,136.63564,394.25,0.38,0.54,30-12-2025,1641,N,VIIRS,n,2,272.3,57.31,D,0
-4.10991,136.63769,498.52,0.49,0.61,30-12-2025,1641,N,VIIRS,n,2,276.47,3.35,D,0
-28.72278,19.44477,466.99,0.55,0.42,16-12-2025,2107,N,VIIRS,n,2,266.3,3.32,N,0
-28.44082,19.54795,430.21,0.73,0.49,16-12-2025,2107,N,VIIRS,n,2,266.26,4.81,N,0
-28.56185,19.41886,302.29,0.52,0.51,16-12-2025,2107,N,VIIRS,h,2,294.78,92.58,N,0
-28.70834,19.34933,340.66,0.45,0.66,16-12-2025,2107,N,VIIRS,h,2,264.42,2.96,N,0
-28.56148,19.34514,358.17,0.67,0.38,16-12-2025,2107,N,VIIRS,n,2,274.65,22.65,N,0
-28.52005,19.47056,395.11,0.54,0.73,16-12-2025,2107,N,VIIRS,h,2,272.7,6.57,N,0
-28.72647,19.46034,301.74,0.5,0.37,16-12-2025,2107,N,VIIRS,h,2,268.29,6.09,N,0
6.57628,137.23402,484.91,0.38,0.45,21-02-2024,2130,2,VIIRS,l,2,284.34,6.72,N,0
6.70352,137.13674,367.46,0.47,0.4,21-02-2024,2130,2,VIIRS,n,2,305.44,9.79,N,0
6.48281,137.26276,398.78,0.56,0.71,21-02-2024,2130,2,VIIRS,l,2,265.93,19.34,N,0
6.54245,137.4089,400.54,0.61,0.58,21-02-2024,2130,2,VIIRS,h,2,271.99,3.16,N,0
6.53233,137.21453,463.78,0.35,0.63,21-02-2024,2130,2,VIIRS,l,2,272.1,126.61,N,0
6.77387,137.17174,306.34,0.58,0.53,21-02-2024,2130,2,VIIRS,n,2,309.22,63.22,N,0
38.31624,-122.44812,465.09,0.65,0.63,10-06-2025,1049,N,VIIRS,l,2,273.11,5.62,D,0
38.35072,-122.4615,443.93,0.74,0.57,10-06-2025,1049,N,VIIRS,l,2,304.25,12.94,D,0
38.29249,-122.36443,316.23,0.41,0.52,10-06-2025,1049,N,VIIRS,h,2,275.56,12.12,D,0
38.38668,-122.58209,341.74,0.49,0.37,10-06-2025,1049,N,VIIRS,n,2,296.11,11.79,D,0
38.48077,-122.58528,322.98,0.67,0.64,10-06-2025,1049,N,VIIRS,n,2,297.43,6.85,D,0
12.40419,111.3563,444.1,0.4,0.71,10-12-2025,945,N,VIIRS,l,2,293.25,41.33,D,0
12.30917,111.47193,371.57,0.65,0.67,10-12-2025,945,N,VIIRS,n,2,286.29,31.94,D,0
12.40248,111.6077,496.88,0.55,0.54,10-12-2025,945,N,VIIRS,n,2,274.8,42.14,D,0
-18.61114,147.1231,457.73,0.47,0.72,28-04-2024,700,1,VIIRS,n,2,300.5,2.33,D,0
-18.73924,147.27078,327.19,0.64,0.71,28-04-2024,700,1,VIIRS,n,2,304.92,43.48,D,0
-18.77249,147.14995,439.37,0.45,0.46,28-04-2024,700,1,VIIRS,h,2,281.86,49.43,D,0
-18.84327,147.1395,482.14,0.55,0.62,28-04-2024,700,1,VIIRS,h,2,291.44,19.93,D,0
-18.8412,147.25308,455.85,0.66,0.58,28-04-2024,700,1,VIIRS,h,2,298.29,1.56,D,0
-18.58573,147.1019,323.3,0.55,0.58,28-04-2024,700,1,VIIRS,h,2,305.94,6.81,D,0
-18.72213,147.30804,382.04,0.64,0.54,28-04-2024,700,1,VIIRS,h,2,264.54,90.21,D,0
3.20782,116.98227,382.77,0.34,0.41,13-06-2025,1526,N,VIIRS,l,2,284.66,35.31,D,0
3.3858,116.98931,302.73,0.7,0.52,13-06-2025,1526,N,VIIRS,h,2,304.15,6.07,D,0
3.43185,116.93391,402.61,0.58,0.39,13-06-2025,1526,N,VIIRS,n,2,288.96,94.61,D,0
3.16508,116.78431,474.33,0.55,0.43,13-06-2025,1526,N,VIIRS,h,2,292.3,5.58,D,0
-6.36626,-58.11224,315.29,0.4,0.63,03-09-2025,1118,2,VIIRS,h,2,301.12,384.97,D,0
-6.53946,-57.89152,403.77,0.69,0.5,03-09-2025,1118,2,VIIRS,l,2,273.34,88.29,D,0
-6.38864,-58.09502,443.88,0.62,0.4,03-09-2025,1118,2,VIIRS,h,2,306.61,8.34,D,0
-6.46475,-58.0593,472.07,0.51,0.71,03-09-2025,1118,2,VIIRS,n,2,307.81,46.98,D,0
-6.51165,-57.97582,350.91,0.33,0.62,03-09-2025,1118,2,VIIRS,n,2,260.05,3.09,D,0
-6.47274,-57.95146,390.13,0.37,0.74,03-09-2025,1118,2,VIIRS,n,2,278.57,12.89,D,0
-6.57945,-58.04355,488.97,0.54,0.64,03-09-2025,1118,2,VIIRS,n,2,288.49,1.94,D,0
-25.43355,125.23607,460.83,0.56,0.52,16-11-2025,919,N,VIIRS,l,2,295.61,6.74,D,0
-25.4782,125.19923,332.8,0.52,0.55,16-11-2025,919,N,VIIRS,l,2,308.12,4.77,D,0
-25.41574,125.29391,320.63,0.55,0.71,16-11-2025,919,N,VIIRS,n,2,299.41,11.83,D,0
-25.34768,125.0964,421.83,0.58,0.68,16-11-2025,919,N,VIIRS,n,2,308.69,109.09,D,0
-25.48037,125.1524,495.72,0.42,0.58,16-11-2025,919,N,VIIRS,l,2,284.45,10.75,D,0
-4.36959,-67.37684,360.43,0.47,0.58,14-01-2024,349,2,VIIRS,h,2,291.57,4.27,N,0
-4.22521,-67.40526,384.02,0.7,0.5,14-01-2024,349,2,VIIRS,h,2,299.29,14.51,N,0
-4.32692,-67.47593,490.21,0.51,0.41,14-01-2024,349,2,VIIRS,n,2,306.3,18.37,N,0
-4.37835,-67.46514,366.77,0.53,0.7,14-01-2024,349,2,VIIRS,h,2,305.61,59.26,N,0
40.244,-116.13928,394.25,0.52,0.4,12-01-2025,2156,N,VIIRS,n,2,293.51,6.86,N,0
39.98465,-116.15286,332.82,0.54,0.5,12-01-2025,2156,N,VIIRS,l,2,306.96,39.59,N,0
40.15029,-116.17121,454.8,0.62,0.49,12-01-2025,2156,N,VIIRS,n,2,282.54,5.25,N,0
40.20463,-115.92954,369.96,0.41,0.55,12-01-2025,2156,N,VIIRS,h,2,276.13,40.89,N,0
40.10586,-116.07577,334.88,0.67,0.43,12-01-2025,2156,N,VIIRS,l,2,283.84,114.7,N,0
40.24919,-115.93304,469.64,0.53,0.58,12-01-2025,2156,N,VIIRS,h,2,277.94,7.37,N,0
-14.0604,-53.07498,466.29,0.71,0.4,17-03-2025,835,N,VIIRS,h,2,271.53,2.67,D,0
-14.10518,-53.32188,407.32,0.32,0.76,17-03-2025,835,N,VIIRS,h,2,286.23,6.16,D,0
-14.1258,-53.24502,359.91,0.34,0.68,17-03-2025,835,N,VIIRS,n,2,282.04,22.88,D,0
-14.12793,-53.05715,360.01,0.49,0.38,17-03-2025,835,N,VIIRS,n,2,286.65,8.54,D,0
-14.14772,-53.30006,423.62,0.63,0.47,17-03-2025,835,N,VIIRS,n,2,267.98,11.82,D,0
-14.21851,-53.29754,424.71,0.68,0.37,17-03-2025,835,N,VIIRS,n,2,277.6,16.95,D,0
-23.65618,125.02325,430.37,0.69,0.43,26-07-2025,1701,N,VIIRS,l,2,301.18,4.25,D,0
-23.64083,124.99992,479.0,0.73,0.65,26-07-2025,1701,N,VIIRS,n,2,302.13,2.25,D,0
-23.58105,124.91439,338.93,0.51,0.36,26-07-2025,1701,N,VIIRS,n,2,303.59,61.09,D,0
-23.45572,125.14469,491.62,0.38,0.63,26-07-2025,1701,N,VIIRS,n,2,288.53,27.4,D,0
-23.70332,125.09983,309.61,0.68,0.55,26-07-2025,1701,N,VIIRS,h,2,269.28,10.41,D,0
-23.6379,125.12282,355.33,0.74,0.38,26-07-2025,1701,N,VIIRS,n,2,309.12,14.29,D,0
-23.54534,125.12809,332.68,0.42,0.5,26-07-2025,1701,N,VIIRS,h,2,262.61,107.35,D,0
59.7924,97.5529,323.18,0.55,0.7,27-12-2025,946,2,VIIRS,n,2,276.87,8.09,D,0
59.76685,97.54887,392.63,0.32,0.7,27-12-2025,946,2,VIIRS,h,2,267.49,2.04,D,0
59.94774,97.65427,448.29,0.44,0.59,27-12-2025,946,2,VIIRS,h,2,260.98,24.95,D,0
59.79715,97.5588,328.45,0.48,0.62,27-12-2025,946,2,VIIRS,n,2,274.12,29.52,D,0
59.98216,97.4804,471.74,0.36,0.39,27-12-2025,946,2,VIIRS,n,2,282.27,83.46,D,0
59.93362,97.6023,377.02,0.46,0.38,27-12-2025,946,2,VIIRS,n,2,303.45,0.5,D,0
59.73495,97.51369,422.92,0.55,0.49,27-12-2025,946,2,VIIRS,n,2,263.53,3.7,D,0
-20.33313,153.61944,419.63,0.45,0.74,29-03-2024,633,1,VIIRS,l,2,290.83,26.81,D,0
-20.22231,153.65891,318.18,0.53,0.48,29-03-2024,633,1,VIIRS,l,2,299.83,2.67,D,0
-20.24157,153.61886,347.34,0.4,0.48,29-03-2024,633,1,VIIRS,n,2,299.72,15.29,D,0
-20.2527,153.49432,310.73,0.7,0.76,29-03-2024,633,1,VIIRS,n,2,303.83,6.34,D,0
-20.37817,153.50663,341.82,0.32,0.63,29-03-2024,633,1,VIIRS,h,2,285.95,45.82,D,0
-20.20201,153.54407,339.56,0.66,0.5,29-03-2024,633,1,VIIRS,h,2,263.92,35.39,D,0
-14.63267,-62.41319,369.0,0.59,0.53,09-02-2025,1553,N,VIIRS,l,2,271.65,1.64,D,0
-14.4533,-62.43332,321.84,0.7,0.5,09-02-2025,1553,N,VIIRS,n,2,262.38,67.57,D,0
-14.46155,-62.50522,327.98,0.38,0.59,09-02-2025,1553,N,VIIRS,h,2,307.14,32.25,D,0
-14.46172,-62.33944,451.46,0.65,0.75,09-02-2025,1553,N,VIIRS,h,2,281.01,7.03,D,0
-21.70934,149.85283,355.8,0.56,0.6,06-08-2024,621,N,VIIRS,l,2,277.9,42.48,D,0
-21.77331,149.77473,362.28,0.5,0.56,06-08-2024,621,N,VIIRS,n,2,280.68,24.27,D,0
-21.83619,149.93308,376.55,0.63,0.4,06-08-2024,621,N,VIIRS,n,2,274.14,33.3,D,0
-21.82549,149.95991,413.31,0.43,0.37,06-08-2024,621,N,VIIRS,n,2,290.62,883.95,D,0
-21.73948,149.84508,435.15,0.56,0.71,06-08-2024,621,N,VIIRS,n,2,292.83,4.4,D,0
-21.80374,149.76431,461.27,0.43,0.66,06-08-2024,621,N,VIIRS,n,2,285.59,125.5,D,0
-21.59272,149.7934,330.28,0.63,0.64,06-08-2024,621,N,VIIRS,n,2,269.59,17.1,D,0
-21.72295,149.87069,434.91,0.48,0.54,06-08-2024,621,N,VIIRS,h,2,263.69,1.49,D,0
-7.88534,-58.10605,367.61,0.5,0.4,19-08-2024,1604,2,VIIRS,n,2,296.84,17.23,D,0
-7.75047,-58.36391,320.64,0.39,0.36,19-08-2024,1604,2,VIIRS,n,2,300.06,25.72,D,0
-7.84857,-58.1041,457.09,0.45,0.54,19-08-2024,1604,2,VIIRS,n,2,298.02,1.02,D,0
50.23996,74.43061,384.62,0.33,0.71,04-05-2025,1438,2,VIIRS,h,2,269.3,11.94,D,0
50.11648,74.42623,315.32,0.6,0.59,04-05-2025,1438,2,VIIRS,n,2,308.96,5.99,D,0
50.15789,74.36523,439.38,0.43,0.54,04-05-2025,1438,2,VIIRS,h,2,271.33,4.6,D,0
50.08047,74.35071,444.09,0.65,0.38,04-05-2025,1438,2,VIIRS,n,2,305.47,19.97,D,0
50.34879,74.42513,405.24,0.69,0.57,04-05-2025,1438,2,VIIRS,n,2,295.24,76.72,D,0
50.32872,74.50341,371.69,0.67,0.46,04-05-2025,1438,2,VIIRS,h,2,282.76,23.57,D,0
50.09622,74.26981,479.27,0.62,0.6,04-05-2025,1438,2,VIIRS,n,2,284.21,32.53,D,0
50.15135,74.52944,385.51,0.69,0.75,04-05-2025,1438,2,VIIRS,n,2,299.27,4.44,D,0
46.33511,-123.17598,398.99,0.33,0.38,29-12-2025,219,N,VIIRS,l,2,299.44,7.92,N,0
46.28421,-123.14435,441.67,0.71,0.43,29-12-2025,219,N,VIIRS,n,2,266.21,5.88,N,0
46.52164,-123.02551,323.8,0.58,0.75,29-12-2025,219,N,VIIRS,h,2,274.09,16.53,N,0
46.45559,-123.1213,392.54,0.53,0.68,29-12-2025,219,N,VIIRS,n,2,284.27,8.23,N,0
46.28923,-123.22102,306.49,0.56,0.57,29-12-2025,219,N,VIIRS,n,2,303.49,94.97,N,0
46.46546,-123.01725,332.72,0.67,0.7,29-12-2025,219,N,VIIRS,h,2,276.23,1.33,N,0
8.49171,107.03216,420.24,0.33,0.48,31-10-2024,2247,2,VIIRS,l,2,266.92,4.54,N,0
8.2673,107.04294,311.53,0.53,0.68,31-10-2024,2247,2,VIIRS,n,2,297.12,65.37,N,0
8.34128,106.94819,398.92,0.32,0.68,31-10-2024,2247,2,VIIRS,h,2,285.35,10.34,N,0
-22.38376,116.7701,369.52,0.67,0.68,18-07-2025,533,1,VIIRS,n,2,293.13,6.01,N,0
-22.46263,116.97131,495.74,0.62,0.6,18-07-2025,533,1,VIIRS,n,2,272.42,43.21,N,0
-22.41039,116.91356,453.56,0.66,0.44,18-07-2025,533,1,VIIRS,n,2,262.06,72.2,N,0
-22.27982,116.75839,450.19,0.61,0.58,18-07-2025,533,1,VIIRS,h,2,274.47,18.26,N,0
-22.31982,116.78913,376.58,0.61,0.74,18-07-2025,533,1,VIIRS,n,2,286.35,172.95,N,0
-22.34757,116.99834,449.86,0.57,0.36,18-07-2025,533,1,VIIRS,h,2,281.18,5.88,N,0
-22.38827,116.76739,444.37,0.74,0.52,18-07-2025,533,1,VIIRS,n,2,281.03,0.91,N,0
-14.6225,152.297,354.53,0.59,0.59,11-06-2025,2044,1,VIIRS,n,2,298.67,23.72,N,0
-14.85104,152.2207,484.5,0.52,0.41,11-06-2025,2044,1,VIIRS,n,2,288.4,1.11,N,0
-14.62366,152.06892,368.13,0.61,0.58,11-06-2025,2044,1,VIIRS,n,2,283.53,98.92,N,0
-14.81722,152.0943,473.29,0.36,0.67,11-06-2025,2044,1,VIIRS,h,2,277.31,1.85,N,0
-14.68634,152.0052,346.47,0.4,0.36,11-06-2025,2044,1,VIIRS,h,2,282.25,9.33,N,0
-14.60165,152.28271,427.52,0.5,0.46,11-06-2025,2044,1,VIIRS,n,2,263.49,10.22,N,0
-14.753,152.12068,427.96,0.34,0.54,11-06-2025,2044,1,VIIRS,n,2,291.45,6.53,N,0
-4.68307,-60.13771,345.54,0.62,0.43,29-09-2025,135,N,VIIRS,n,2,279.89,5.54,N,0
-4.62984,-60.29685,380.33,0.66,0.71,29-09-2025,135,N,VIIRS,n,2,270.74,8.43,N,0
-4.61539,-60.23466,339.66,0.57,0.52,29-09-2025,135,N,VIIRS,n,2,268.18,9.88,N,0
-4.68581,-60.07249,348.83,0.59,0.54,29-09-2025,135,N,VIIRS,n,2,296.03,20.88,N,0
38.30279,3.86705,485.45,0.64,0.6,05-03-2024,807,2,VIIRS,h,2,294.34,17.93,D,0
38.48013,3.82596,408.45,0.67,0.57,05-03-2024,807,2,VIIRS,h,2,295.69,14.02,D,0
38.5166,3.93238,329.49,0.34,0.46,05-03-2024,807,2,VIIRS,h,2,281.14,10.7,D,0
38.35756,3.88111,442.95,0.33,0.49,05-03-2024,807,2,VIIRS,h,2,307.95,22.02,D,0
38.30807,4.00389,389.64,0.47,0.45,05-03-2024,807,2,VIIRS,n,2,263.34,8.48,D,0
41.95558,-117.21354,373.42,0.73,0.46,10-10-2025,614,N,VIIRS,h,2,305.0,29.67,D,0
42.08973,-117.33261,472.56,0.68,0.39,10-10-2025,614,N,VIIRS,h,2,266.17,6.9,D,0
41.94181,-117.3395,379.39,0.38,0.48,10-10-2025,614,N,VIIRS,n,2,300.3,7.14,D,0
42.06406,-117.22588,467.72,0.48,0.66,10-10-2025,614,N,VIIRS,n,2,264.44,45.22,D,0
42.15655,-117.4332,414.06,0.61,0.7,10-10-2025,614,N,VIIRS,h,2,303.92,2.01,D,0
-33.04541,142.83029,334.62,0.63,0.65,06-05-2025,646,1,VIIRS,n,2,265.45,53.35,D,0
-32.96162,142.68073,375.38,0.65,0.38,06-05-2025,646,1,VIIRS,n,2,293.12,11.65,D,0
-33.05486,142.70741,434.53,0.38,0.44,06-05-2025,646,1,VIIRS,n,2,282.06,945.48,D,0
-32.89779,142.74915,346.22,0.33,0.43,06-05-2025,646,1,VIIRS,n,2,294.56,63.02,D,0
-33.00014,142.60499,392.56,0.72,0.72,06-05-2025,646,1,VIIRS,h,2,293.28,2.07,D,0
-4.28729,-54.84781,438.27,0.56,0.43,12-08-2024,1824,N,VIIRS,n,2,276.41,4.93,N,0
-4.30011,-54.5922,482.2,0.36,0.64,12-08-2024,1824,N,VIIRS,n,2,296.01,96.11,N,0
-4.20975,-54.79594,373.78,0.44,0.4,12-08-2024,1824,N,VIIRS,n,2,271.14,27.91,N,0
-4.14805,-54.60246,375.49,0.45,0.39,12-08-2024,1824,N,VIIRS,l,2,270.55,35.69,N,0
-4.29937,-54.88208,476.26,0.37,0.55,12-08-2024,1824,N,VIIRS,n,2,297.43,4.38,N,0
-25.58139,152.23073,475.04,0.47,0.58,19-06-2025,3,2,VIIRS,h,2,291.07,0.57,N,0
-25.57171,152.3388,492.59,0.57,0.36,19-06-2025,3,2,VIIRS,n,2,294.55,0.59,N,0
-25.62889,152.40283,432.87,0.66,0.45,19-06-2025,3,2,VIIRS,l,2,295.02,70.67,N,0
44.34556,-121.28237,345.94,0.74,0.5,14-11-2025,2352,2,VIIRS,l,2,301.29,0.5,N,0
44.31915,-121.10751,374.89,0.47,0.51,14-11-2025,2352,2,VIIRS,n,2,308.63,7.73,N,0
44.37299,-121.2268,455.17,0.44,0.64,14-11-2025,2352,2,VIIRS,h,2,296.52,30.97,N,0
44.30114,-121.05229,366.05,0.45,0.64,14-11-2025,2352,2,VIIRS,h,2,294.5,2.92,N,0
44.37278,-121.31296,317.68,0.34,0.48,14-11-2025,2352,2,VIIRS,h,2,285.63,9.35,N,0
44.17779,-121.12873,353.26,0.44,0.37,14-11-2025,2352,2,VIIRS,n,2,275.76,18.88,N,0
-26.33067,19.76898,494.5,0.52,0.46,24-12-2025,1621,1,VIIRS,n,2,266.64,5.78,D,0
-26.47681,19.76385,427.22,0.51,0.76,24-12-2025,1621,1,VIIRS,h,2,284.4,1.47,D,0
-26.25235,19.64553,404.7,0.53,0.76,24-12-2025,1621,1,VIIRS,n,2,299.07,25.69,D,0
-26.34595,19.5888,488.75,0.63,0.44,24-12-2025,1621,1,VIIRS,n,2,293.62,8.47,D,0
40.51935,-117.00521,301.68,0.64,0.36,11-06-2025,1954,2,VIIRS,l,2,297.69,68.31,N,0
40.39141,-116.96149,455.98,0.35,0.43,11-06-2025,1954,2,VIIRS,n,2,286.45,49.63,N,0
40.28466,-117.15224,497.82,0.57,0.36,11-06-2025,1954,2,VIIRS,n,2,266.22,4.3,N,0
40.55882,-117.05613,390.91,0.38,0.49,11-06-2025,1954,2,VIIRS,n,2,294.2,16.25,N,0
44.93951,-119.03959,476.76,0.64,0.53,03-12-2024,1301,2,VIIRS,h,2,288.29,24.98,D,0
44.76436,-119.07557,337.68,0.55,0.49,03-12-2024,1301,2,VIIRS,h,2,275.09,98.48,D,0
44.77302,-119.0274,338.35,0.5,0.67,03-12-2024,1301,2,VIIRS,n,2,284.92,11.21,D,0
54.19702,99.61495,464.51,0.4,0.6,18-07-2025,1218,2,VIIRS,n,2,308.16,198.54,D,0
54.09549,99.46275,325.17,0.42,0.71,18-07-2025,1218,2,VIIRS,n,2,284.26,11.66,D,0
54.12852,99.39102,314.35,0.43,0.66,18-07-2025,1218,2,VIIRS,l,2,300.46,11.56,D,0
53.94547,99.58836,374.24,0.34,0.53,18-07-2025,1218,2,VIIRS,h,2,282.67,83.64,D,0
54.12062,99.54728,345.46,0.43,0.7,18-07-2025,1218,2,VIIRS,h,2,308.34,6.99,D,0
54.05311,99.40433,455.27,0.45,0.37,18-07-2025,1218,2,VIIRS,l,2,306.8,4.79,D,0
-19.54303,136.29616,460.18,0.57,0.57,16-09-2025,2351,N,VIIRS,l,2,296.78,3.01,N,0
-19.66713,136.12898,401.82,0.69,0.73,16-09-2025,2351,N,VIIRS,h,2,292.08,1.9,N,0
-19.6508,136.34539,380.12,0.43,0.44,16-09-2025,2351,N,VIIRS,h,2,302.42,6.0,N,0
-19.61956,136.22251,373.93,0.58,0.64,16-09-2025,2351,N,VIIRS,h,2,268.43,11.87,N,0
-19.58195,136.22864,357.78,0.74,0.73,16-09-2025,2351,N,VIIRS,n,2,290.47,1.7,N,0
-19.51985,136.12442,333.21,0.52,0.73,16-09-2025,2351,N,VIIRS,l,2,279.52,35.45,N,0
-13.57982,15.67136,301.03,0.46,0.71,05-02-2025,2138,1,VIIRS,n,2,274.13,23.26,N,0
-13.57911,15.74796,384.29,0.66,0.76,05-02-2025,2138,1,VIIRS,n,2,307.96,8.44,N,0
-13.53016,15.50934,316.94,0.58,0.63,05-02-2025,2138,1,VIIRS,l,2,271.59,11.29,N,0
-13.75226,15.55852,396.01,0.53,0.67,05-02-2025,2138,1,VIIRS,n,2,279.72,2.82,N,0
-13.57125,15.59956,437.93,0.48,0.38,05-02-2025,2138,1,VIIRS,n,2,284.18,7.22,N,0
-13.73127,15.66115,305.14,0.72,0.41,05-02-2025,2138,1,VIIRS,h,2,301.97,0.5,N,0
-39.77953,130.95773,325.2,0.65,0.75,28-02-2025,817,N,VIIRS,h,2,269.43,17.09,D,0
-39.90475,131.18547,409.69,0.7,0.56,28-02-2025,817,N,VIIRS,h,2,263.8,2.0,D,0
-39.98048,131.24599,433.31,0.34,0.67,28-02-2025,817,N,VIIRS,h,2,281.73,27.72,D,0
-39.98687,131.03222,321.62,0.35,0.4,28-02-2025,817,N,VIIRS,l,2,288.69,1.53,D,0
-1.02944,6.24255,458.75,0.54,0.71,18-10-2025,1837,1,VIIRS,n,2,298.31,0.76,N,0
-1.00791,6.10361,373.74,0.35,0.56,18-10-2025,1837,1,VIIRS,n,2,261.54,1.27,N,0
-0.99215,6.03884,314.62,0.36,0.71,18-10-2025,1837,1,VIIRS,n,2,286.85,18.06,N,0
-1.10974,6.18507,423.82,0.4,0.39,18-10-2025,1837,1,VIIRS,n,2,283.77,0.54,N,0
-0.88427,6.13447,414.05,0.68,0.7,18-10-2025,1837,1,VIIRS,n,2,308.1,19.81,N,0
-1.11513,6.07325,484.92,0.4,0.55,18-10-2025,1837,1,VIIRS,n,2,285.6,8.55,N,0
-39.64633,137.95281,386.94,0.67,0.56,21-07-2025,826,2,VIIRS,n,2,276.77,7.33,D,0
-39.79826,137.86838,429.05,0.41,0.42,21-07-2025,826,2,VIIRS,l,2,301.92,12.15,D,0
-39.7401,137.94699,464.14,0.49,0.4,21-07-2025,826,2,VIIRS,h,2,285.66,43.23,D,0
-39.76524,137.89779,385.69,0.42,0.73,21-07-2025,826,2,VIIRS,n,2,280.15,4.77,D,0
-39.65251,138.02574,378.61,0.38,0.51,21-07-2025,826,2,VIIRS,l,2,272.44,8.53,D,0
-39.62563,138.04691,350.53,0.57,0.73,21-07-2025,826,2,VIIRS,h,2,295.19,95.66,D,0
-4.51178,119.1154,442.14,0.33,0.46,26-01-2024,1835,2,VIIRS,n,2,270.85,7.56,N,0
-4.33009,119.09083,443.29,0.36,0.46,26-01-2024,1835,2,VIIRS,n,2,263.48,2.64,N,0
58.74532,93.13575,426.13,0.46,0.4,04-06-2024,1612,2,VIIRS,n,2,288.33,0.57,D,0
58.70124,93.12052,386.61,0.66,0.63,04-06-2024,1612,2,VIIRS,h,2,303.7,39.49,D,0
58.71132,93.02833,346.67,0.53,0.63,04-06-2024,1612,2,VIIRS,h,2,304.86,11.82,D,0
58.84896,93.12997,384.48,0.45,0.49,04-06-2024,1612,2,VIIRS,n,2,276.64,18.25,D,0
58.89711,93.03968,363.92,0.47,0.67,04-06-2024,1612,2,VIIRS,n,2,282.76,8.0,D,0
